"Apple iPhone 15 Pro, 256GB, 6,1""",Apple iPhone 15 Pro,unieuro.it,1179.0,2024-07-23 21:55:57.437486
"Apple iPhone 15 Pro, 256GB, 6,1""",Apple iPhone 15 Pro,mobileshop.eu,1159,2024-07-23 21:55:57.947758
"Apple iPhone 15 Pro, 256GB, 6,1""",Apple iPhone 15 Pro,links.hr,1529.99,2024-07-23 21:55:59.061113
"Apple iPhone 15 Pro, 256GB, 6,1""",Apple iPhone 15 Pro,instar-informatika.hr,1179,2024-07-23 21:55:59.597953
"Apple iPhone 15 Pro, 256GB, 6,1""",Apple iPhone 15 Pro,nabava.net,1078.25,2024-07-23 21:56:00.171628
"Samsung Galaxy S24, 256GB, 6.2",Samsung Galaxy S24,links.hr,1019.99,2024-07-23 21:56:00.973718
"Samsung Galaxy S24, 256GB, 6.2",Samsung Galaxy S24,instar-informatika.hr,968.05,2024-07-23 21:56:01.774134
"Samsung Galaxy S24, 256GB, 6.2",Samsung Galaxy S24,mikronis.hr,1019.00,2024-07-23 21:56:01.991268
"Samsung Galaxy S24, 256GB, 6.2",Samsung Galaxy S24,nabava.net,679.25,2024-07-23 21:56:02.500735
"GARMIN Forerunner 165, smartwatch",GARMIN Forerunner 165,unieuro.it,279.9,2024-07-23 21:56:03.474391
"GARMIN Forerunner 165, smartwatch",GARMIN Forerunner 165,links.hr,279.99,2024-07-23 21:56:04.285940
"GARMIN Forerunner 165, smartwatch",GARMIN Forerunner 165,nabava.net,269.0,2024-07-23 21:56:04.695154
"Apple iPhone 15 Pro, 256GB, 6,1""",Apple iPhone 15 Pro,unieuro.it,1179.0,2024-07-23 23:38:15.516637
"Apple iPhone 15 Pro, 256GB, 6,1""",Apple iPhone 15 Pro,mobileshop.eu,1159,2024-07-23 23:38:16.077762
"Apple iPhone 15 Pro, 256GB, 6,1""",Apple iPhone 15 Pro,links.hr,1529.99,2024-07-23 23:38:17.169236
"Apple iPhone 15 Pro, 256GB, 6,1""",Apple iPhone 15 Pro,instar-informatika.hr,1179,2024-07-23 23:38:17.970735
"Apple iPhone 15 Pro, 256GB, 6,1""",Apple iPhone 15 Pro,nabava.net,1078.25,2024-07-23 23:38:18.692395
"Samsung Galaxy S24, 256GB, 6.2",Samsung Galaxy S24,links.hr,1019.99,2024-07-23 23:38:19.605010
"Samsung Galaxy S24, 256GB, 6.2",Samsung Galaxy S24,instar-informatika.hr,968.05,2024-07-23 23:38:20.092840
"Samsung Galaxy S24, 256GB, 6.2",Samsung Galaxy S24,mikronis.hr,1019.00,2024-07-23 23:38:20.416133
"Samsung Galaxy S24, 256GB, 6.2",Samsung Galaxy S24,nabava.net,679.25,2024-07-23 23:38:20.901454
"GARMIN Forerunner 165, smartwatch",GARMIN Forerunner 165,unieuro.it,279.9,2024-07-23 23:38:22.264598
"GARMIN Forerunner 165, smartwatch",GARMIN Forerunner 165,links.hr,279.99,2024-07-23 23:38:23.155233
"GARMIN Forerunner 165, smartwatch",GARMIN Forerunner 165,nabava.net,269.0,2024-07-23 23:38:23.575748
"Apple iPhone 15 Pro, 256GB, 6,1""",Apple iPhone 15 Pro,unieuro.it,1179.0,2024-07-24 09:57:26.966452
"Apple iPhone 15 Pro, 256GB, 6,1""",Apple iPhone 15 Pro,unieuro.it,1179.0,2024-07-24 09:57:53.214700
"Apple iPhone 15 Pro, 256GB, 6,1""",Apple iPhone 15 Pro,unieuro.it,1179.0,2024-07-24 09:59:22.865742
"Apple iPhone 15 Pro, 256GB, 6,1""",Apple iPhone 15 Pro,unieuro.it,1199.0,2024-08-07 06:05:58.875858
"Apple iPhone 15 Pro, 256GB, 6,1""",Apple iPhone 15 Pro,mobileshop.eu,1157,2024-08-07 06:05:59.931839
"Apple iPhone 15 Pro, 256GB, 6,1""",Apple iPhone 15 Pro,nabava.net,1135.0,2024-08-07 06:08:17.271156
"Samsung Galaxy S24, 256GB, 6.2",Samsung Galaxy S24,links.hr,1019.99,2024-08-07 06:08:18.895030
"Samsung Galaxy S24, 256GB, 6.2",Samsung Galaxy S24,mikronis.hr,1019.00,2024-08-07 06:10:35.272361
"Samsung Galaxy S24, 256GB, 6.2",Samsung Galaxy S24,nabava.net,655.5,2024-08-07 06:10:36.494222
"GARMIN Forerunner 165, smartwatch",GARMIN Forerunner 165,unieuro.it,229.0,2024-08-07 06:10:38.867752
"GARMIN Forerunner 165, smartwatch",GARMIN Forerunner 165,links.hr,279.99,2024-08-07 06:10:41.158274
"GARMIN Forerunner 165, smartwatch",GARMIN Forerunner 165,nabava.net,269.0,2024-08-07 06:10:42.000981
"Apple iPhone 15 Pro, 256GB, 6,1""",Apple iPhone 15 Pro,unieuro.it,1199.0,2024-08-08 01:23:22.798951
"Apple iPhone 15 Pro, 256GB, 6,1""",Apple iPhone 15 Pro,mobileshop.eu,1157,2024-08-08 01:23:24.004878
"Apple iPhone 15 Pro, 256GB, 6,1""",Apple iPhone 15 Pro,nabava.net,1135.0,2024-08-08 01:25:42.867036
"Samsung Galaxy S24, 256GB, 6.2",Samsung Galaxy S24,links.hr,1019.99,2024-08-08 01:25:53.678297
"Samsung Galaxy S24, 256GB, 6.2",Samsung Galaxy S24,mikronis.hr,1019.00,2024-08-08 01:28:10.941143
"Samsung Galaxy S24, 256GB, 6.2",Samsung Galaxy S24,nabava.net,655.5,2024-08-08 01:28:12.775618
"GARMIN Forerunner 165, smartwatch",GARMIN Forerunner 165,unieuro.it,229.0,2024-08-08 01:28:15.221729
"GARMIN Forerunner 165, smartwatch",GARMIN Forerunner 165,links.hr,279.99,2024-08-08 01:28:20.096924
"GARMIN Forerunner 165, smartwatch",GARMIN Forerunner 165,nabava.net,269.0,2024-08-08 01:28:20.995952
"Apple iPhone 15 Pro, 256GB, 6,1""",Apple iPhone 15 Pro,unieuro.it,1179.0,2024-08-13 01:27:25.065469
"Apple iPhone 15 Pro, 256GB, 6,1""",Apple iPhone 15 Pro,mobileshop.eu,1160,2024-08-13 01:27:26.153470
"Apple iPhone 15 Pro, 256GB, 6,1""",Apple iPhone 15 Pro,nabava.net,1073.5,2024-08-13 01:29:43.838975
"Samsung Galaxy S24, 256GB, 6.2",Samsung Galaxy S24,links.hr,1019.99,2024-08-13 01:29:46.201072
"Samsung Galaxy S24, 256GB, 6.2",Samsung Galaxy S24,mikronis.hr,1019.00,2024-08-13 01:32:03.915445
"Samsung Galaxy S24, 256GB, 6.2",Samsung Galaxy S24,nabava.net,655.5,2024-08-13 01:32:05.158834
"GARMIN Forerunner 165, smartwatch",GARMIN Forerunner 165,unieuro.it,265.0,2024-08-13 01:34:22.630146
"GARMIN Forerunner 165, smartwatch",GARMIN Forerunner 165,links.hr,279.99,2024-08-13 01:34:24.696916
"GARMIN Forerunner 165, smartwatch",GARMIN Forerunner 165,nabava.net,269.0,2024-08-13 01:34:25.387617
"Apple iPhone 15 Pro, 256GB, 6,1""",Apple iPhone 15 Pro,unieuro.it,1169.0,2024-08-15 01:19:25.437904
"Apple iPhone 15 Pro, 256GB, 6,1""",Apple iPhone 15 Pro,mobileshop.eu,1154,2024-08-15 01:19:27.921573
"Apple iPhone 15 Pro, 256GB, 6,1""",Apple iPhone 15 Pro,nabava.net,1073.5,2024-08-15 01:21:45.354204
"Samsung Galaxy S24, 256GB, 6.2",Samsung Galaxy S24,links.hr,1019.99,2024-08-15 01:21:47.654956
"Samsung Galaxy S24, 256GB, 6.2",Samsung Galaxy S24,mikronis.hr,1019.00,2024-08-15 01:24:05.820889
"Samsung Galaxy S24, 256GB, 6.2",Samsung Galaxy S24,nabava.net,689.0,2024-08-15 01:24:07.117510
"GARMIN Forerunner 165, smartwatch",GARMIN Forerunner 165,unieuro.it,279.9,2024-08-15 01:24:09.556883
"GARMIN Forerunner 165, smartwatch",GARMIN Forerunner 165,links.hr,279.99,2024-08-15 01:24:16.171556
"GARMIN Forerunner 165, smartwatch",GARMIN Forerunner 165,nabava.net,269.0,2024-08-15 01:24:17.098149
"Apple iPhone 15 Pro, 256GB, 6,1""",Apple iPhone 15 Pro,unieuro.it,1169.0,2024-08-20 01:25:10.654863
"Apple iPhone 15 Pro, 256GB, 6,1""",Apple iPhone 15 Pro,mobileshop.eu,1150,2024-08-20 01:25:11.913341
"Apple iPhone 15 Pro, 256GB, 6,1""",Apple iPhone 15 Pro,nabava.net,1078.25,2024-08-20 01:27:28.752624
"Samsung Galaxy S24, 256GB, 6.2",Samsung Galaxy S24,links.hr,1019.99,2024-08-20 01:27:31.117408
"Samsung Galaxy S24, 256GB, 6.2",Samsung Galaxy S24,mikronis.hr,1019.00,2024-08-20 01:29:49.176072
"Samsung Galaxy S24, 256GB, 6.2",Samsung Galaxy S24,nabava.net,669.0,2024-08-20 01:29:50.528136
"GARMIN Forerunner 165, smartwatch",GARMIN Forerunner 165,unieuro.it,265.0,2024-08-20 01:29:53.281585
"GARMIN Forerunner 165, smartwatch",GARMIN Forerunner 165,links.hr,279.99,2024-08-20 01:29:55.580971
"GARMIN Forerunner 165, smartwatch",GARMIN Forerunner 165,nabava.net,269.0,2024-08-20 01:29:56.459610
"Apple iPhone 15 Pro, 256GB, 6,1""",Apple iPhone 15 Pro,unieuro.it,1169.0,2024-08-21 01:23:22.106505
"Apple iPhone 15 Pro, 256GB, 6,1""",Apple iPhone 15 Pro,mobileshop.eu,1155,2024-08-21 01:23:23.217878
"Apple iPhone 15 Pro, 256GB, 6,1""",Apple iPhone 15 Pro,links.hr,1419.99,2024-08-21 01:23:25.708358
"Apple iPhone 15 Pro, 256GB, 6,1""",Apple iPhone 15 Pro,nabava.net,1078.25,2024-08-21 01:25:42.295354
"Samsung Galaxy S24, 256GB, 6.2",Samsung Galaxy S24,links.hr,1019.99,2024-08-21 01:25:44.978065
"Samsung Galaxy S24, 256GB, 6.2",Samsung Galaxy S24,mikronis.hr,1019.00,2024-08-21 01:28:02.886534
"Samsung Galaxy S24, 256GB, 6.2",Samsung Galaxy S24,nabava.net,669.0,2024-08-21 01:28:04.220519
"GARMIN Forerunner 165, smartwatch",GARMIN Forerunner 165,unieuro.it,249.0,2024-08-21 01:28:06.766076
"GARMIN Forerunner 165, smartwatch",GARMIN Forerunner 165,links.hr,279.99,2024-08-21 01:28:09.041068
"GARMIN Forerunner 165, smartwatch",GARMIN Forerunner 165,nabava.net,269.0,2024-08-21 01:28:09.973946
"Apple iPhone 15 Pro, 256GB, 6,1""",Apple iPhone 15 Pro,unieuro.it,1169.0,2024-08-22 01:27:25.961884
"Apple iPhone 15 Pro, 256GB, 6,1""",Apple iPhone 15 Pro,mobileshop.eu,1155,2024-08-22 01:27:27.057022
"Apple iPhone 15 Pro, 256GB, 6,1""",Apple iPhone 15 Pro,links.hr,1419.99,2024-08-22 01:27:29.538679
"Apple iPhone 15 Pro, 256GB, 6,1""",Apple iPhone 15 Pro,nabava.net,1078.25,2024-08-22 01:29:46.496020
"Samsung Galaxy S24, 256GB, 6.2",Samsung Galaxy S24,links.hr,1019.99,2024-08-22 01:29:48.717851
"Samsung Galaxy S24, 256GB, 6.2",Samsung Galaxy S24,mikronis.hr,1019.00,2024-08-22 01:32:06.851780
"Samsung Galaxy S24, 256GB, 6.2",Samsung Galaxy S24,nabava.net,669.0,2024-08-22 01:32:08.137828
"GARMIN Forerunner 165, smartwatch",GARMIN Forerunner 165,unieuro.it,249.0,2024-08-22 01:32:10.560489
"GARMIN Forerunner 165, smartwatch",GARMIN Forerunner 165,links.hr,279.99,2024-08-22 01:32:12.784869
"GARMIN Forerunner 165, smartwatch",GARMIN Forerunner 165,nabava.net,269.0,2024-08-22 01:32:13.652622
"Apple iPhone 15 Pro, 256GB, 6,1""",Apple iPhone 15 Pro,unieuro.it,1179.0,2024-08-25 01:38:56.770779
"Apple iPhone 15 Pro, 256GB, 6,1""",Apple iPhone 15 Pro,mobileshop.eu,1155,2024-08-25 01:38:57.910519
"Apple iPhone 15 Pro, 256GB, 6,1""",Apple iPhone 15 Pro,links.hr,1419.99,2024-08-25 01:39:00.578184
"Apple iPhone 15 Pro, 256GB, 6,1""",Apple iPhone 15 Pro,nabava.net,1068.75,2024-08-25 01:41:17.057934
"Samsung Galaxy S24, 256GB, 6.2",Samsung Galaxy S24,links.hr,1019.99,2024-08-25 01:41:19.813804
"Samsung Galaxy S24, 256GB, 6.2",Samsung Galaxy S24,mikronis.hr,1019.00,2024-08-25 01:43:37.424707
"Samsung Galaxy S24, 256GB, 6.2",Samsung Galaxy S24,nabava.net,669.0,2024-08-25 01:43:38.737839
"GARMIN Forerunner 165, smartwatch",GARMIN Forerunner 165,unieuro.it,249.0,2024-08-25 01:43:41.313113
"GARMIN Forerunner 165, smartwatch",GARMIN Forerunner 165,links.hr,279.99,2024-08-25 01:43:43.809639
"GARMIN Forerunner 165, smartwatch",GARMIN Forerunner 165,nabava.net,249.0,2024-08-25 01:43:44.731420
"Apple iPhone 15 Pro, 256GB, 6,1""",Apple iPhone 15 Pro,unieuro.it,1179.0,2024-08-26 01:26:54.596468
"Apple iPhone 15 Pro, 256GB, 6,1""",Apple iPhone 15 Pro,mobileshop.eu,1155,2024-08-26 01:26:55.649334
"Apple iPhone 15 Pro, 256GB, 6,1""",Apple iPhone 15 Pro,links.hr,1419.99,2024-08-26 01:26:58.307066
"Apple iPhone 15 Pro, 256GB, 6,1""",Apple iPhone 15 Pro,nabava.net,1068.75,2024-08-26 01:29:14.830761
"Samsung Galaxy S24, 256GB, 6.2",Samsung Galaxy S24,links.hr,1019.99,2024-08-26 01:29:17.033403
"Samsung Galaxy S24, 256GB, 6.2",Samsung Galaxy S24,mikronis.hr,1019.00,2024-08-26 01:31:32.940698
"Samsung Galaxy S24, 256GB, 6.2",Samsung Galaxy S24,nabava.net,669.0,2024-08-26 01:31:34.687006
"GARMIN Forerunner 165, smartwatch",GARMIN Forerunner 165,unieuro.it,249.0,2024-08-26 01:31:36.897719
"GARMIN Forerunner 165, smartwatch",GARMIN Forerunner 165,links.hr,279.99,2024-08-26 01:31:39.118381
"GARMIN Forerunner 165, smartwatch",GARMIN Forerunner 165,nabava.net,249.0,2024-08-26 01:31:40.157432
"Apple iPhone 15 Pro, 256GB, 6,1""",Apple iPhone 15 Pro,unieuro.it,1179.0,2024-08-27 01:25:27.249037
"Apple iPhone 15 Pro, 256GB, 6,1""",Apple iPhone 15 Pro,mobileshop.eu,1155,2024-08-27 01:25:28.334520
"Apple iPhone 15 Pro, 256GB, 6,1""",Apple iPhone 15 Pro,nabava.net,1068.75,2024-08-27 01:27:46.567178
"Samsung Galaxy S24, 256GB, 6.2",Samsung Galaxy S24,links.hr,1019.99,2024-08-27 01:27:48.385186
"Samsung Galaxy S24, 256GB, 6.2",Samsung Galaxy S24,mikronis.hr,1019.00,2024-08-27 01:30:04.933158
"Samsung Galaxy S24, 256GB, 6.2",Samsung Galaxy S24,nabava.net,669.0,2024-08-27 01:30:06.823744
"GARMIN Forerunner 165, smartwatch",GARMIN Forerunner 165,unieuro.it,249.0,2024-08-27 01:32:23.534899
"GARMIN Forerunner 165, smartwatch",GARMIN Forerunner 165,links.hr,279.99,2024-08-27 01:32:25.967218
"GARMIN Forerunner 165, smartwatch",GARMIN Forerunner 165,nabava.net,249.0,2024-08-27 01:32:26.911514
"Apple iPhone 15 Pro, 256GB, 6,1""",Apple iPhone 15 Pro,unieuro.it,1179.0,2024-08-28 01:28:24.012217
"Apple iPhone 15 Pro, 256GB, 6,1""",Apple iPhone 15 Pro,mobileshop.eu,1155,2024-08-28 01:28:25.070296
"Apple iPhone 15 Pro, 256GB, 6,1""",Apple iPhone 15 Pro,nabava.net,1068.75,2024-08-28 01:30:42.316749
"Samsung Galaxy S24, 256GB, 6.2",Samsung Galaxy S24,links.hr,1019.99,2024-08-28 01:30:44.117922
"Samsung Galaxy S24, 256GB, 6.2",Samsung Galaxy S24,mikronis.hr,1019.00,2024-08-28 01:33:00.171471
"Samsung Galaxy S24, 256GB, 6.2",Samsung Galaxy S24,nabava.net,639.0,2024-08-28 01:33:01.382910
"GARMIN Forerunner 165, smartwatch",GARMIN Forerunner 165,unieuro.it,249.0,2024-08-28 01:35:17.031374
"GARMIN Forerunner 165, smartwatch",GARMIN Forerunner 165,links.hr,279.99,2024-08-28 01:35:19.431507
"GARMIN Forerunner 165, smartwatch",GARMIN Forerunner 165,nabava.net,249.0,2024-08-28 01:35:20.053209
"Apple iPhone 15 Pro, 256GB, 6,1""",Apple iPhone 15 Pro,unieuro.it,1179.0,2024-08-30 01:27:11.814210
"Apple iPhone 15 Pro, 256GB, 6,1""",Apple iPhone 15 Pro,mobileshop.eu,1155,2024-08-30 01:27:12.875479
"Apple iPhone 15 Pro, 256GB, 6,1""",Apple iPhone 15 Pro,nabava.net,1068.75,2024-08-30 01:29:29.900487
"Samsung Galaxy S24, 256GB, 6.2",Samsung Galaxy S24,links.hr,1019.99,2024-08-30 01:29:32.086709
"Samsung Galaxy S24, 256GB, 6.2",Samsung Galaxy S24,mikronis.hr,1019.00,2024-08-30 01:31:48.035974
"Samsung Galaxy S24, 256GB, 6.2",Samsung Galaxy S24,nabava.net,639.0,2024-08-30 01:31:49.868249
"GARMIN Forerunner 165, smartwatch",GARMIN Forerunner 165,unieuro.it,249.0,2024-08-30 01:31:52.109426
"GARMIN Forerunner 165, smartwatch",GARMIN Forerunner 165,nabava.net,249.0,2024-08-30 01:31:54.397384
"Apple iPhone 15 Pro, 256GB, 6,1""",Apple iPhone 15 Pro,unieuro.it,1179.0,2024-09-01 01:49:07.866130
"Apple iPhone 15 Pro, 256GB, 6,1""",Apple iPhone 15 Pro,mobileshop.eu,1155,2024-09-01 01:49:09.249325
"Apple iPhone 15 Pro, 256GB, 6,1""",Apple iPhone 15 Pro,nabava.net,1068.75,2024-09-01 01:51:28.150211
"Samsung Galaxy S24, 256GB, 6.2",Samsung Galaxy S24,links.hr,1019.99,2024-09-01 01:51:31.050282
"Samsung Galaxy S24, 256GB, 6.2",Samsung Galaxy S24,mikronis.hr,1019.00,2024-09-01 01:53:48.846882
"Samsung Galaxy S24, 256GB, 6.2",Samsung Galaxy S24,nabava.net,639.0,2024-09-01 01:53:50.511417
"GARMIN Forerunner 165, smartwatch",GARMIN Forerunner 165,unieuro.it,279.9,2024-09-01 01:56:07.114342
"GARMIN Forerunner 165, smartwatch",GARMIN Forerunner 165,nabava.net,249.0,2024-09-01 01:56:10.635644
"Apple iPhone 15 Pro, 256GB, 6,1""",Apple iPhone 15 Pro,unieuro.it,1199.0,2024-09-04 01:36:44.653474
"Apple iPhone 15 Pro, 256GB, 6,1""",Apple iPhone 15 Pro,mobileshop.eu,1163,2024-09-04 01:36:46.213541
"Apple iPhone 15 Pro, 256GB, 6,1""",Apple iPhone 15 Pro,nabava.net,1068.75,2024-09-04 01:39:04.967788
"Samsung Galaxy S24, 256GB, 6.2",Samsung Galaxy S24,links.hr,1019.99,2024-09-04 01:39:07.955671
"Samsung Galaxy S24, 256GB, 6.2",Samsung Galaxy S24,mikronis.hr,1019.00,2024-09-04 01:41:25.324714
"Samsung Galaxy S24, 256GB, 6.2",Samsung Galaxy S24,nabava.net,639.0,2024-09-04 01:41:26.784355
"GARMIN Forerunner 165, smartwatch",GARMIN Forerunner 165,unieuro.it,279.9,2024-09-04 01:41:29.326025
"GARMIN Forerunner 165, smartwatch",GARMIN Forerunner 165,links.hr,279.99,2024-09-04 01:41:32.349389
"GARMIN Forerunner 165, smartwatch",GARMIN Forerunner 165,nabava.net,249.0,2024-09-04 01:41:33.586358
"Apple iPhone 15 Pro, 256GB, 6,1""",Apple iPhone 15 Pro,unieuro.it,1199.0,2024-09-05 01:36:50.600751
"Apple iPhone 15 Pro, 256GB, 6,1""",Apple iPhone 15 Pro,mobileshop.eu,1167,2024-09-05 01:36:52.070176
"Apple iPhone 15 Pro, 256GB, 6,1""",Apple iPhone 15 Pro,nabava.net,1068.75,2024-09-05 01:39:11.233614
"Samsung Galaxy S24, 256GB, 6.2",Samsung Galaxy S24,links.hr,1019.99,2024-09-05 01:39:14.221404
"Samsung Galaxy S24, 256GB, 6.2",Samsung Galaxy S24,mikronis.hr,1019.00,2024-09-05 01:41:31.261061
"Samsung Galaxy S24, 256GB, 6.2",Samsung Galaxy S24,nabava.net,669.0,2024-09-05 01:41:32.917429
"GARMIN Forerunner 165, smartwatch",GARMIN Forerunner 165,unieuro.it,249.0,2024-09-05 01:41:36.495371
"GARMIN Forerunner 165, smartwatch",GARMIN Forerunner 165,links.hr,249.99,2024-09-05 01:41:39.250292
"GARMIN Forerunner 165, smartwatch",GARMIN Forerunner 165,nabava.net,249.0,2024-09-05 01:41:40.766311
"Apple iPhone 15 Pro, 256GB, 6,1""",Apple iPhone 15 Pro,unieuro.it,1199.0,2024-09-06 01:36:53.015016
"Apple iPhone 15 Pro, 256GB, 6,1""",Apple iPhone 15 Pro,mobileshop.eu,1162,2024-09-06 01:36:54.400723
"Apple iPhone 15 Pro, 256GB, 6,1""",Apple iPhone 15 Pro,nabava.net,1068.75,2024-09-06 01:39:11.344219
"Samsung Galaxy S24, 256GB, 6.2",Samsung Galaxy S24,links.hr,1019.99,2024-09-06 01:39:13.557112
"Samsung Galaxy S24, 256GB, 6.2",Samsung Galaxy S24,mikronis.hr,1019.00,2024-09-06 01:41:31.814122
"Samsung Galaxy S24, 256GB, 6.2",Samsung Galaxy S24,nabava.net,669.0,2024-09-06 01:41:33.048515
"GARMIN Forerunner 165, smartwatch",GARMIN Forerunner 165,unieuro.it,249.0,2024-09-06 01:41:35.420365
"GARMIN Forerunner 165, smartwatch",GARMIN Forerunner 165,links.hr,249.99,2024-09-06 01:41:37.982751
"GARMIN Forerunner 165, smartwatch",GARMIN Forerunner 165,nabava.net,249.0,2024-09-06 01:41:39.097400
"Apple iPhone 15 Pro, 256GB, 6,1""",Apple iPhone 15 Pro,unieuro.it,1199.0,2024-09-11 01:37:03.025013
"Apple iPhone 15 Pro, 256GB, 6,1""",Apple iPhone 15 Pro,mobileshop.eu,1167,2024-09-11 01:37:04.309243
"Apple iPhone 15 Pro, 256GB, 6,1""",Apple iPhone 15 Pro,nabava.net,1068.75,2024-09-11 01:39:21.323417
"Samsung Galaxy S24, 256GB, 6.2",Samsung Galaxy S24,links.hr,1019.99,2024-09-11 01:39:23.718910
"Samsung Galaxy S24, 256GB, 6.2",Samsung Galaxy S24,mikronis.hr,1019.00,2024-09-11 01:41:41.960557
"Samsung Galaxy S24, 256GB, 6.2",Samsung Galaxy S24,nabava.net,690.0,2024-09-11 01:41:43.116413
"GARMIN Forerunner 165, smartwatch",GARMIN Forerunner 165,unieuro.it,249.0,2024-09-11 01:44:00.259658
"GARMIN Forerunner 165, smartwatch",GARMIN Forerunner 165,links.hr,249.99,2024-09-11 01:44:02.880626
"GARMIN Forerunner 165, smartwatch",GARMIN Forerunner 165,nabava.net,249.0,2024-09-11 01:44:03.701043
"Apple iPhone 15 Pro, 256GB, 6,1""",Apple iPhone 15 Pro,unieuro.it,1199.0,2024-09-20 01:39:24.106095
"Apple iPhone 15 Pro, 256GB, 6,1""",Apple iPhone 15 Pro,mobileshop.eu,1205,2024-09-20 01:39:25.302662
"Apple iPhone 15 Pro, 256GB, 6,1""",Apple iPhone 15 Pro,nabava.net,1068.75,2024-09-20 01:41:42.473118
"Samsung Galaxy S24, 256GB, 6.2",Samsung Galaxy S24,links.hr,1019.99,2024-09-20 01:41:44.546822
"Samsung Galaxy S24, 256GB, 6.2",Samsung Galaxy S24,mikronis.hr,1019.00,2024-09-20 01:44:02.571968
"Samsung Galaxy S24, 256GB, 6.2",Samsung Galaxy S24,nabava.net,693.0,2024-09-20 01:44:03.957585
"GARMIN Forerunner 165, smartwatch",GARMIN Forerunner 165,unieuro.it,239.0,2024-09-20 01:44:06.582152
"GARMIN Forerunner 165, smartwatch",GARMIN Forerunner 165,links.hr,249.99,2024-09-20 01:44:08.963280
"GARMIN Forerunner 165, smartwatch",GARMIN Forerunner 165,nabava.net,249.0,2024-09-20 01:44:09.832067
"Apple iPhone 15 Pro, 256GB, 6,1""",Apple iPhone 15 Pro,unieuro.it,1199.0,2024-09-21 01:37:38.466860
"Apple iPhone 15 Pro, 256GB, 6,1""",Apple iPhone 15 Pro,mobileshop.eu,1205,2024-09-21 01:37:39.620156
"Apple iPhone 15 Pro, 256GB, 6,1""",Apple iPhone 15 Pro,nabava.net,1068.75,2024-09-21 01:39:56.383698
"Samsung Galaxy S24, 256GB, 6.2",Samsung Galaxy S24,links.hr,1019.99,2024-09-21 01:39:58.971298
"Samsung Galaxy S24, 256GB, 6.2",Samsung Galaxy S24,mikronis.hr,1019.00,2024-09-21 01:42:16.431333
"Samsung Galaxy S24, 256GB, 6.2",Samsung Galaxy S24,nabava.net,692.0,2024-09-21 01:42:17.987625
"GARMIN Forerunner 165, smartwatch",GARMIN Forerunner 165,unieuro.it,249.9,2024-09-21 01:42:20.661902
"GARMIN Forerunner 165, smartwatch",GARMIN Forerunner 165,links.hr,249.99,2024-09-21 01:42:23.064712
"GARMIN Forerunner 165, smartwatch",GARMIN Forerunner 165,nabava.net,249.0,2024-09-21 01:42:24.024038
"Apple iPhone 15 Pro, 256GB, 6,1""",Apple iPhone 15 Pro,unieuro.it,1199.0,2024-09-22 01:46:48.838397
"Apple iPhone 15 Pro, 256GB, 6,1""",Apple iPhone 15 Pro,mobileshop.eu,1205,2024-09-22 01:46:50.076228
"Apple iPhone 15 Pro, 256GB, 6,1""",Apple iPhone 15 Pro,nabava.net,1068.75,2024-09-22 01:49:07.520556
"Samsung Galaxy S24, 256GB, 6.2",Samsung Galaxy S24,links.hr,1019.99,2024-09-22 01:49:09.389157
"Samsung Galaxy S24, 256GB, 6.2",Samsung Galaxy S24,mikronis.hr,1019.00,2024-09-22 01:51:27.461489
"Samsung Galaxy S24, 256GB, 6.2",Samsung Galaxy S24,nabava.net,692.0,2024-09-22 01:51:28.751671
"GARMIN Forerunner 165, smartwatch",GARMIN Forerunner 165,unieuro.it,249.9,2024-09-22 01:51:31.271458
"GARMIN Forerunner 165, smartwatch",GARMIN Forerunner 165,links.hr,249.99,2024-09-22 01:51:33.651371
"GARMIN Forerunner 165, smartwatch",GARMIN Forerunner 165,nabava.net,249.0,2024-09-22 01:51:34.544142
"Apple iPhone 15 Pro, 256GB, 6,1""",Apple iPhone 15 Pro,unieuro.it,1199.0,2024-09-23 01:39:47.806045
"Apple iPhone 15 Pro, 256GB, 6,1""",Apple iPhone 15 Pro,mobileshop.eu,1205,2024-09-23 01:39:49.215837
"Apple iPhone 15 Pro, 256GB, 6,1""",Apple iPhone 15 Pro,nabava.net,1040.25,2024-09-23 01:42:09.983578
"Samsung Galaxy S24, 256GB, 6.2",Samsung Galaxy S24,links.hr,1019.99,2024-09-23 01:42:12.675521
"Samsung Galaxy S24, 256GB, 6.2",Samsung Galaxy S24,mikronis.hr,1019.00,2024-09-23 01:44:30.300272
"Samsung Galaxy S24, 256GB, 6.2",Samsung Galaxy S24,nabava.net,660.25,2024-09-23 01:44:32.199815
"GARMIN Forerunner 165, smartwatch",GARMIN Forerunner 165,unieuro.it,249.9,2024-09-23 01:46:48.849257
"GARMIN Forerunner 165, smartwatch",GARMIN Forerunner 165,links.hr,249.99,2024-09-23 01:46:52.001718
"GARMIN Forerunner 165, smartwatch",GARMIN Forerunner 165,nabava.net,249.0,2024-09-23 01:46:53.202037
"Apple iPhone 15 Pro, 256GB, 6,1""",Apple iPhone 15 Pro,unieuro.it,1199.0,2024-09-24 01:39:46.405821
"Apple iPhone 15 Pro, 256GB, 6,1""",Apple iPhone 15 Pro,mobileshop.eu,1198,2024-09-24 01:39:47.543074
"Apple iPhone 15 Pro, 256GB, 6,1""",Apple iPhone 15 Pro,nabava.net,1028.5,2024-09-24 01:42:04.245224
"Samsung Galaxy S24, 256GB, 6.2",Samsung Galaxy S24,links.hr,1019.99,2024-09-24 01:42:06.515286
"Samsung Galaxy S24, 256GB, 6.2",Samsung Galaxy S24,mikronis.hr,1019.00,2024-09-24 01:44:24.558781
"Samsung Galaxy S24, 256GB, 6.2",Samsung Galaxy S24,nabava.net,660.25,2024-09-24 01:44:25.985326
"GARMIN Forerunner 165, smartwatch",GARMIN Forerunner 165,unieuro.it,249.9,2024-09-24 01:44:28.762592
"GARMIN Forerunner 165, smartwatch",GARMIN Forerunner 165,links.hr,249.99,2024-09-24 01:44:31.130482
"GARMIN Forerunner 165, smartwatch",GARMIN Forerunner 165,nabava.net,239.0,2024-09-24 01:44:32.001599
"Apple iPhone 16, 256GB, 6,1""",Apple iPhone 16,nabava.net,1199.0,2024-09-26 06:03:36.185953
"Apple iPhone 16 Pro, 256GB, 6,3""",Apple iPhone 16 Pro,mobileshop.eu,1559,2024-09-26 06:03:37.240106
"Apple iPhone 16 Pro, 256GB, 6,3""",Apple iPhone 16 Pro,nabava.net,1420.25,2024-09-26 06:03:38.249773
"Apple iPhone 15 Pro, 256GB, 6,1""",Apple iPhone 15 Pro,mobileshop.eu,1559,2024-09-26 06:03:39.257281
"Apple iPhone 15 Pro, 256GB, 6,1""",Apple iPhone 15 Pro,links.hr,1379.99,2024-09-26 06:03:40.966200
"Apple iPhone 15 Pro, 256GB, 6,1""",Apple iPhone 15 Pro,nabava.net,1040.25,2024-09-26 06:05:56.381399
"Samsung Galaxy S24, 256GB, 6.2",Samsung Galaxy S24,links.hr,1019.99,2024-09-26 06:05:58.105396
"Samsung Galaxy S24, 256GB, 6.2",Samsung Galaxy S24,mikronis.hr,1019.00,2024-09-26 06:08:16.234896
"Samsung Galaxy S24, 256GB, 6.2",Samsung Galaxy S24,nabava.net,660.25,2024-09-26 06:08:17.440616
"Apple iPhone 16, 256GB, 6,1""",Apple iPhone 16,nabava.net,1198.5,2024-09-27 01:39:48.639745
"Apple iPhone 16 Pro, 256GB, 6,3""",Apple iPhone 16 Pro,mobileshop.eu,1529,2024-09-27 01:39:49.614517
"Apple iPhone 16 Pro, 256GB, 6,3""",Apple iPhone 16 Pro,nabava.net,1420.25,2024-09-27 01:39:51.251226
"Apple iPhone 15 Pro, 256GB, 6,1""",Apple iPhone 15 Pro,mobileshop.eu,1529,2024-09-27 01:39:52.175939
"Apple iPhone 15 Pro, 256GB, 6,1""",Apple iPhone 15 Pro,links.hr,1379.99,2024-09-27 01:39:54.605982
"Apple iPhone 15 Pro, 256GB, 6,1""",Apple iPhone 15 Pro,nabava.net,1040.25,2024-09-27 01:42:11.031986
"Samsung Galaxy S24, 256GB, 6.2",Samsung Galaxy S24,links.hr,1019.99,2024-09-27 01:42:12.795545
"Samsung Galaxy S24, 256GB, 6.2",Samsung Galaxy S24,mikronis.hr,1019.00,2024-09-27 01:44:31.010910
"Samsung Galaxy S24, 256GB, 6.2",Samsung Galaxy S24,nabava.net,660.25,2024-09-27 01:44:32.975970
"Apple iPhone 16, 256GB, 6,1""",Apple iPhone 16,nabava.net,1178.0,2024-09-28 01:38:47.528610
"Apple iPhone 16 Pro, 256GB, 6,3""",Apple iPhone 16 Pro,mobileshop.eu,1510,2024-09-28 01:38:48.772259
"Apple iPhone 16 Pro, 256GB, 6,3""",Apple iPhone 16 Pro,nabava.net,1419.0,2024-09-28 01:38:49.950392
"Apple iPhone 15 Pro, 256GB, 6,1""",Apple iPhone 15 Pro,mobileshop.eu,1510,2024-09-28 01:38:51.044957
"Apple iPhone 15 Pro, 256GB, 6,1""",Apple iPhone 15 Pro,links.hr,1379.99,2024-09-28 01:38:53.168413
"Apple iPhone 15 Pro, 256GB, 6,1""",Apple iPhone 15 Pro,nabava.net,1040.25,2024-09-28 01:41:08.251537
"Samsung Galaxy S24, 256GB, 6.2",Samsung Galaxy S24,links.hr,1019.99,2024-09-28 01:41:10.370156
"Samsung Galaxy S24, 256GB, 6.2",Samsung Galaxy S24,mikronis.hr,1019.00,2024-09-28 01:43:27.723853
"Samsung Galaxy S24, 256GB, 6.2",Samsung Galaxy S24,nabava.net,660.25,2024-09-28 01:43:29.185389
"Apple iPhone 16, 256GB, 6,1""",Apple iPhone 16,nabava.net,1160.0,2024-10-01 01:48:09.641785
"Apple iPhone 16 Pro, 256GB, 6,3""",Apple iPhone 16 Pro,mobileshop.eu,1520,2024-10-01 01:48:10.761825
"Apple iPhone 16 Pro, 256GB, 6,3""",Apple iPhone 16 Pro,nabava.net,1391.75,2024-10-01 01:48:11.925774
"Apple iPhone 15 Pro, 256GB, 6,1""",Apple iPhone 15 Pro,mobileshop.eu,1520,2024-10-01 01:48:12.989040
"Apple iPhone 15 Pro, 256GB, 6,1""",Apple iPhone 15 Pro,links.hr,1379.99,2024-10-01 01:48:14.814397
"Apple iPhone 15 Pro, 256GB, 6,1""",Apple iPhone 15 Pro,nabava.net,1040.25,2024-10-01 01:50:32.862243
"Samsung Galaxy S24, 256GB, 6.2",Samsung Galaxy S24,links.hr,1019.99,2024-10-01 01:50:35.379763
"Samsung Galaxy S24, 256GB, 6.2",Samsung Galaxy S24,mikronis.hr,1019.00,2024-10-01 01:52:52.633456
"Samsung Galaxy S24, 256GB, 6.2",Samsung Galaxy S24,nabava.net,599.0,2024-10-01 01:52:53.993586
"Apple iPhone 16, 256GB, 6,1""",Apple iPhone 16,nabava.net,1099.0,2024-10-03 01:39:39.876551
"Apple iPhone 16 Pro, 256GB, 6,3""",Apple iPhone 16 Pro,mobileshop.eu,1522,2024-10-03 01:39:40.967621
"Apple iPhone 16 Pro, 256GB, 6,3""",Apple iPhone 16 Pro,nabava.net,1391.75,2024-10-03 01:39:42.154913
"Apple iPhone 15 Pro, 256GB, 6,1""",Apple iPhone 15 Pro,mobileshop.eu,1522,2024-10-03 01:39:43.309307
"Apple iPhone 15 Pro, 256GB, 6,1""",Apple iPhone 15 Pro,nabava.net,1040.25,2024-10-03 01:42:01.494057
"Samsung Galaxy S24, 256GB, 6.2",Samsung Galaxy S24,links.hr,1019.99,2024-10-03 01:42:03.015312
"Samsung Galaxy S24, 256GB, 6.2",Samsung Galaxy S24,mikronis.hr,1019.00,2024-10-03 01:44:21.569129
"Samsung Galaxy S24, 256GB, 6.2",Samsung Galaxy S24,nabava.net,599.0,2024-10-03 01:44:23.627675
"Apple iPhone 16, 256GB, 6,1""",Apple iPhone 16,nabava.net,1150.0,2024-10-04 01:39:49.664061
"Apple iPhone 16 Pro, 256GB, 6,3""",Apple iPhone 16 Pro,mobileshop.eu,1523,2024-10-04 01:39:50.999897
"Apple iPhone 16 Pro, 256GB, 6,3""",Apple iPhone 16 Pro,nabava.net,1391.75,2024-10-04 01:39:52.593559
"Apple iPhone 15 Pro, 256GB, 6,1""",Apple iPhone 15 Pro,mobileshop.eu,1523,2024-10-04 01:39:53.660029
"Apple iPhone 15 Pro, 256GB, 6,1""",Apple iPhone 15 Pro,nabava.net,1040.25,2024-10-04 01:42:13.135169
"Samsung Galaxy S24, 256GB, 6.2",Samsung Galaxy S24,links.hr,1019.99,2024-10-04 01:42:14.521079
"Samsung Galaxy S24, 256GB, 6.2",Samsung Galaxy S24,mikronis.hr,1019.00,2024-10-04 01:44:32.520737
"Samsung Galaxy S24, 256GB, 6.2",Samsung Galaxy S24,nabava.net,660.25,2024-10-04 01:44:34.219300
"Apple iPhone 16, 256GB, 6,1""",Apple iPhone 16,nabava.net,1151.0,2024-10-05 01:38:05.147111
"Apple iPhone 16 Pro, 256GB, 6,3""",Apple iPhone 16 Pro,mobileshop.eu,1523,2024-10-05 01:38:06.272582
"Apple iPhone 16 Pro, 256GB, 6,3""",Apple iPhone 16 Pro,nabava.net,1391.75,2024-10-05 01:38:07.915538
"Apple iPhone 15 Pro, 256GB, 6,1""",Apple iPhone 15 Pro,mobileshop.eu,1523,2024-10-05 01:38:09.305058
"Apple iPhone 15 Pro, 256GB, 6,1""",Apple iPhone 15 Pro,nabava.net,1040.25,2024-10-05 01:40:31.504542
"Samsung Galaxy S24, 256GB, 6.2",Samsung Galaxy S24,links.hr,1019.99,2024-10-05 01:40:33.116148
"Samsung Galaxy S24, 256GB, 6.2",Samsung Galaxy S24,mikronis.hr,1019.00,2024-10-05 01:42:51.522887
"Samsung Galaxy S24, 256GB, 6.2",Samsung Galaxy S24,nabava.net,660.25,2024-10-05 01:42:53.157399
"Apple iPhone 16, 256GB, 6,1""",Apple iPhone 16,nabava.net,1099.0,2024-10-08 01:39:54.818100
"Apple iPhone 16 Pro, 256GB, 6,3""",Apple iPhone 16 Pro,mobileshop.eu,1509,2024-10-08 01:39:56.850846
"Apple iPhone 16 Pro, 256GB, 6,3""",Apple iPhone 16 Pro,nabava.net,1330.0,2024-10-08 01:39:58.804701
"Apple iPhone 15 Pro, 256GB, 6,1""",Apple iPhone 15 Pro,mobileshop.eu,1509,2024-10-08 01:40:00.209235
"Apple iPhone 15 Pro, 256GB, 6,1""",Apple iPhone 15 Pro,nabava.net,1040.25,2024-10-08 01:42:17.434475
"Samsung Galaxy S24, 256GB, 6.2",Samsung Galaxy S24,mikronis.hr,1019.00,2024-10-08 01:44:41.836891
"Samsung Galaxy S24, 256GB, 6.2",Samsung Galaxy S24,nabava.net,631.75,2024-10-08 01:44:44.039656
"Apple iPhone 16, 256GB, 6,1""",Apple iPhone 16,nabava.net,1111.0,2024-10-09 01:39:09.195097
"Apple iPhone 16 Pro, 256GB, 6,3""",Apple iPhone 16 Pro,mobileshop.eu,1509,2024-10-09 01:39:11.314021
"Apple iPhone 16 Pro, 256GB, 6,3""",Apple iPhone 16 Pro,nabava.net,1330.0,2024-10-09 01:39:12.858048
"Apple iPhone 15 Pro, 256GB, 6,1""",Apple iPhone 15 Pro,mobileshop.eu,1509,2024-10-09 01:39:14.378658
"Apple iPhone 15 Pro, 256GB, 6,1""",Apple iPhone 15 Pro,nabava.net,1040.25,2024-10-09 01:41:32.077069
"Samsung Galaxy S24, 256GB, 6.2",Samsung Galaxy S24,mikronis.hr,1019.00,2024-10-09 01:43:50.289440
"Samsung Galaxy S24, 256GB, 6.2",Samsung Galaxy S24,nabava.net,631.75,2024-10-09 01:43:52.257433
"Apple iPhone 16, 256GB, 6,1""",Apple iPhone 16,nabava.net,1111.0,2024-10-10 01:39:19.941326
"Apple iPhone 16, 256GB, 6,1""",Apple iPhone 16,links.hr,1219.99,2024-10-10 01:39:21.984952
"Apple iPhone 16 Pro, 256GB, 6,3""",Apple iPhone 16 Pro,mobileshop.eu,1522,2024-10-10 01:39:23.446749
"Apple iPhone 16 Pro, 256GB, 6,3""",Apple iPhone 16 Pro,nabava.net,1330.0,2024-10-10 01:39:24.926017
"Apple iPhone 15 Pro, 256GB, 6,1""",Apple iPhone 15 Pro,mobileshop.eu,1522,2024-10-10 01:39:26.317583
"Apple iPhone 15 Pro, 256GB, 6,1""",Apple iPhone 15 Pro,nabava.net,1040.25,2024-10-10 01:41:42.486742
"Samsung Galaxy S24, 256GB, 6.2",Samsung Galaxy S24,links.hr,1019.99,2024-10-10 01:41:44.549109
"Samsung Galaxy S24, 256GB, 6.2",Samsung Galaxy S24,mikronis.hr,1019.00,2024-10-10 01:44:01.832690
"Samsung Galaxy S24, 256GB, 6.2",Samsung Galaxy S24,nabava.net,631.75,2024-10-10 01:44:03.493669
"Apple iPhone 16, 256GB, 6,1""",Apple iPhone 16,nabava.net,1085.0,2024-10-11 01:39:07.863859
"Apple iPhone 16, 256GB, 6,1""",Apple iPhone 16,links.hr,1219.99,2024-10-11 01:39:09.339918
"Apple iPhone 16 Pro, 256GB, 6,3""",Apple iPhone 16 Pro,mobileshop.eu,1474,2024-10-11 01:39:10.390383
"Apple iPhone 16 Pro, 256GB, 6,3""",Apple iPhone 16 Pro,nabava.net,1330.0,2024-10-11 01:39:11.515911
"Apple iPhone 15 Pro, 256GB, 6,1""",Apple iPhone 15 Pro,mobileshop.eu,1474,2024-10-11 01:39:12.545015
"Apple iPhone 15 Pro, 256GB, 6,1""",Apple iPhone 15 Pro,nabava.net,1040.25,2024-10-11 01:41:28.658114
"Samsung Galaxy S24, 256GB, 6.2",Samsung Galaxy S24,links.hr,1019.99,2024-10-11 01:41:30.365196
"Samsung Galaxy S24, 256GB, 6.2",Samsung Galaxy S24,mikronis.hr,1019.00,2024-10-11 01:43:46.985322
"Samsung Galaxy S24, 256GB, 6.2",Samsung Galaxy S24,nabava.net,690.0,2024-10-11 01:43:48.199939
"Apple iPhone 16, 256GB, 6,1""",Apple iPhone 16,nabava.net,1078.0,2024-10-12 01:36:48.724400
"Apple iPhone 16, 256GB, 6,1""",Apple iPhone 16,links.hr,1219.99,2024-10-12 01:36:50.564712
"Apple iPhone 16 Pro, 256GB, 6,3""",Apple iPhone 16 Pro,mobileshop.eu,1451,2024-10-12 01:36:51.672667
"Apple iPhone 16 Pro, 256GB, 6,3""",Apple iPhone 16 Pro,nabava.net,1330.0,2024-10-12 01:36:52.793312
"Apple iPhone 15 Pro, 256GB, 6,1""",Apple iPhone 15 Pro,mobileshop.eu,1451,2024-10-12 01:36:53.694792
"Apple iPhone 15 Pro, 256GB, 6,1""",Apple iPhone 15 Pro,nabava.net,1040.25,2024-10-12 01:39:10.016492
"Samsung Galaxy S24, 256GB, 6.2",Samsung Galaxy S24,links.hr,1019.99,2024-10-12 01:39:11.599334
"Samsung Galaxy S24, 256GB, 6.2",Samsung Galaxy S24,mikronis.hr,1019.00,2024-10-12 01:41:28.054788
"Samsung Galaxy S24, 256GB, 6.2",Samsung Galaxy S24,nabava.net,690.0,2024-10-12 01:41:29.410150
"Apple iPhone 16, 256GB, 6,1""",Apple iPhone 16,nabava.net,1078.0,2024-10-13 01:45:09.300519
"Apple iPhone 16, 256GB, 6,1""",Apple iPhone 16,links.hr,1219.99,2024-10-13 01:45:10.580243
"Apple iPhone 16 Pro, 256GB, 6,3""",Apple iPhone 16 Pro,mobileshop.eu,1451,2024-10-13 01:45:11.844198
"Apple iPhone 16 Pro, 256GB, 6,3""",Apple iPhone 16 Pro,nabava.net,1330.0,2024-10-13 01:45:12.918268
"Apple iPhone 15 Pro, 256GB, 6,1""",Apple iPhone 15 Pro,mobileshop.eu,1451,2024-10-13 01:45:13.718052
"Apple iPhone 15 Pro, 256GB, 6,1""",Apple iPhone 15 Pro,nabava.net,1040.25,2024-10-13 01:47:28.954058
"Samsung Galaxy S24, 256GB, 6.2",Samsung Galaxy S24,links.hr,1019.99,2024-10-13 01:47:30.540487
"Samsung Galaxy S24, 256GB, 6.2",Samsung Galaxy S24,mikronis.hr,1019.00,2024-10-13 01:49:47.680822
"Samsung Galaxy S24, 256GB, 6.2",Samsung Galaxy S24,nabava.net,665.0,2024-10-13 01:49:49.095348
"Apple iPhone 16, 256GB, 6,1""",Apple iPhone 16,nabava.net,1078.0,2024-10-14 01:42:16.746411
"Apple iPhone 16, 256GB, 6,1""",Apple iPhone 16,links.hr,1219.99,2024-10-14 01:42:18.570528
"Apple iPhone 16 Pro, 256GB, 6,3""",Apple iPhone 16 Pro,mobileshop.eu,1451,2024-10-14 01:42:19.996185
"Apple iPhone 16 Pro, 256GB, 6,3""",Apple iPhone 16 Pro,nabava.net,1330.0,2024-10-14 01:42:21.287716
"Apple iPhone 15 Pro, 256GB, 6,1""",Apple iPhone 15 Pro,mobileshop.eu,1451,2024-10-14 01:42:22.174438
"Apple iPhone 15 Pro, 256GB, 6,1""",Apple iPhone 15 Pro,nabava.net,1040.25,2024-10-14 01:44:37.747095
"Samsung Galaxy S24, 256GB, 6.2",Samsung Galaxy S24,links.hr,1019.99,2024-10-14 01:44:39.135800
"Samsung Galaxy S24, 256GB, 6.2",Samsung Galaxy S24,mikronis.hr,1019.00,2024-10-14 01:46:56.025983
"Samsung Galaxy S24, 256GB, 6.2",Samsung Galaxy S24,nabava.net,665.0,2024-10-14 01:46:57.367927
"Apple iPhone 16, 256GB, 6,1""",Apple iPhone 16,nabava.net,1073.0,2024-10-15 01:41:02.483026
"Apple iPhone 16, 256GB, 6,1""",Apple iPhone 16,links.hr,1219.99,2024-10-15 01:41:04.342356
"Apple iPhone 16 Pro, 256GB, 6,3""",Apple iPhone 16 Pro,mobileshop.eu,1355,2024-10-15 01:41:06.159981
"Apple iPhone 16 Pro, 256GB, 6,3""",Apple iPhone 16 Pro,nabava.net,1330.0,2024-10-15 01:41:07.560390
"Apple iPhone 15 Pro, 256GB, 6,1""",Apple iPhone 15 Pro,mobileshop.eu,1355,2024-10-15 01:41:09.358193
"Apple iPhone 15 Pro, 256GB, 6,1""",Apple iPhone 15 Pro,nabava.net,1040.25,2024-10-15 01:43:26.312941
"Samsung Galaxy S24, 256GB, 6.2",Samsung Galaxy S24,links.hr,1019.99,2024-10-15 01:43:28.394360
"Samsung Galaxy S24, 256GB, 6.2",Samsung Galaxy S24,mikronis.hr,1019.00,2024-10-15 01:45:46.904356
"Samsung Galaxy S24, 256GB, 6.2",Samsung Galaxy S24,nabava.net,665.0,2024-10-15 01:45:48.497675
"Apple iPhone 16, 256GB, 6,1""",Apple iPhone 16,nabava.net,1073.0,2024-10-16 01:41:11.215506
"Apple iPhone 16, 256GB, 6,1""",Apple iPhone 16,links.hr,1219.99,2024-10-16 01:41:12.778357
"Apple iPhone 16 Pro, 256GB, 6,3""",Apple iPhone 16 Pro,mobileshop.eu,1331,2024-10-16 01:41:14.575037
"Apple iPhone 16 Pro, 256GB, 6,3""",Apple iPhone 16 Pro,nabava.net,1330.0,2024-10-16 01:41:15.735767
"Apple iPhone 15 Pro, 256GB, 6,1""",Apple iPhone 15 Pro,mobileshop.eu,1331,2024-10-16 01:41:16.948225
"Apple iPhone 15 Pro, 256GB, 6,1""",Apple iPhone 15 Pro,nabava.net,1040.25,2024-10-16 01:43:35.042097
"Samsung Galaxy S24, 256GB, 6.2",Samsung Galaxy S24,links.hr,1019.99,2024-10-16 01:43:36.550076
"Samsung Galaxy S24, 256GB, 6.2",Samsung Galaxy S24,mikronis.hr,1019.00,2024-10-16 01:45:55.493236
"Samsung Galaxy S24, 256GB, 6.2",Samsung Galaxy S24,nabava.net,665.0,2024-10-16 01:45:57.216372
"Apple iPhone 16, 256GB, 6,1""",Apple iPhone 16,nabava.net,1061.0,2024-10-17 01:40:02.466250
"Apple iPhone 16, 256GB, 6,1""",Apple iPhone 16,links.hr,1219.99,2024-10-17 01:40:03.624757
"Apple iPhone 16 Pro, 256GB, 6,3""",Apple iPhone 16 Pro,mobileshop.eu,1421,2024-10-17 01:40:04.764812
"Apple iPhone 16 Pro, 256GB, 6,3""",Apple iPhone 16 Pro,nabava.net,1330.0,2024-10-17 01:40:05.801668
"Apple iPhone 15 Pro, 256GB, 6,1""",Apple iPhone 15 Pro,mobileshop.eu,1421,2024-10-17 01:40:06.896431
"Apple iPhone 15 Pro, 256GB, 6,1""",Apple iPhone 15 Pro,nabava.net,1040.25,2024-10-17 01:42:22.423097
"Samsung Galaxy S24, 256GB, 6.2",Samsung Galaxy S24,links.hr,1019.99,2024-10-17 01:42:23.795793
"Samsung Galaxy S24, 256GB, 6.2",Samsung Galaxy S24,mikronis.hr,1019.00,2024-10-17 01:44:40.595868
"Samsung Galaxy S24, 256GB, 6.2",Samsung Galaxy S24,nabava.net,692.0,2024-10-17 01:44:41.995878
"Apple iPhone 16, 256GB, 6,1""",Apple iPhone 16,nabava.net,1059.0,2024-10-18 01:40:35.173472
"Apple iPhone 16, 256GB, 6,1""",Apple iPhone 16,links.hr,1219.99,2024-10-18 01:40:37.010105
"Apple iPhone 16 Pro, 256GB, 6,3""",Apple iPhone 16 Pro,mobileshop.eu,1421,2024-10-18 01:40:38.389632
"Apple iPhone 16 Pro, 256GB, 6,3""",Apple iPhone 16 Pro,nabava.net,1330.0,2024-10-18 01:40:39.646663
"Apple iPhone 15 Pro, 256GB, 6,1""",Apple iPhone 15 Pro,mobileshop.eu,1421,2024-10-18 01:40:40.782214
"Apple iPhone 15 Pro, 256GB, 6,1""",Apple iPhone 15 Pro,nabava.net,1040.25,2024-10-18 01:42:58.178838
"Samsung Galaxy S24, 256GB, 6.2",Samsung Galaxy S24,links.hr,1019.99,2024-10-18 01:43:00.148630
"Samsung Galaxy S24, 256GB, 6.2",Samsung Galaxy S24,mikronis.hr,1019.00,2024-10-18 01:45:16.745486
"Samsung Galaxy S24, 256GB, 6.2",Samsung Galaxy S24,nabava.net,692.0,2024-10-18 01:45:18.392273
"Apple iPhone 16, 256GB, 6,1""",Apple iPhone 16,nabava.net,1054.0,2024-10-20 01:47:05.480891
"Apple iPhone 16, 256GB, 6,1""",Apple iPhone 16,links.hr,1219.99,2024-10-20 01:47:06.864505
"Apple iPhone 16 Pro, 256GB, 6,3""",Apple iPhone 16 Pro,mobileshop.eu,1413,2024-10-20 01:47:08.207567
"Apple iPhone 16 Pro, 256GB, 6,3""",Apple iPhone 16 Pro,nabava.net,1330.0,2024-10-20 01:47:09.339672
"Apple iPhone 15 Pro, 256GB, 6,1""",Apple iPhone 15 Pro,mobileshop.eu,1413,2024-10-20 01:47:10.377450
"Apple iPhone 15 Pro, 256GB, 6,1""",Apple iPhone 15 Pro,nabava.net,1040.25,2024-10-20 01:49:26.693692
"Samsung Galaxy S24, 256GB, 6.2",Samsung Galaxy S24,links.hr,1019.99,2024-10-20 01:49:28.025167
"Samsung Galaxy S24, 256GB, 6.2",Samsung Galaxy S24,mikronis.hr,1019.00,2024-10-20 01:51:45.027577
"Samsung Galaxy S24, 256GB, 6.2",Samsung Galaxy S24,nabava.net,692.0,2024-10-20 01:51:46.356847
"Apple iPhone 16, 256GB, 6,1""",Apple iPhone 16,nabava.net,1054.0,2024-10-21 01:42:28.534242
"Apple iPhone 16, 256GB, 6,1""",Apple iPhone 16,links.hr,1219.99,2024-10-21 01:42:29.815167
"Apple iPhone 16 Pro, 256GB, 6,3""",Apple iPhone 16 Pro,mobileshop.eu,1413,2024-10-21 01:42:30.877702
"Apple iPhone 16 Pro, 256GB, 6,3""",Apple iPhone 16 Pro,nabava.net,1330.0,2024-10-21 01:42:32.000527
"Apple iPhone 15 Pro, 256GB, 6,1""",Apple iPhone 15 Pro,mobileshop.eu,1413,2024-10-21 01:42:33.056432
"Apple iPhone 15 Pro, 256GB, 6,1""",Apple iPhone 15 Pro,nabava.net,1040.25,2024-10-21 01:44:48.194554
"Samsung Galaxy S24, 256GB, 6.2",Samsung Galaxy S24,links.hr,1019.99,2024-10-21 01:44:49.533850
"Samsung Galaxy S24, 256GB, 6.2",Samsung Galaxy S24,mikronis.hr,1019.00,2024-10-21 01:47:06.557125
"Samsung Galaxy S24, 256GB, 6.2",Samsung Galaxy S24,nabava.net,692.0,2024-10-21 01:47:07.811683
"Apple iPhone 16, 256GB, 6,1""",Apple iPhone 16,nabava.net,1054.0,2024-10-22 01:41:24.037206
"Apple iPhone 16, 256GB, 6,1""",Apple iPhone 16,links.hr,1219.99,2024-10-22 01:41:25.318872
"Apple iPhone 16 Pro, 256GB, 6,3""",Apple iPhone 16 Pro,mobileshop.eu,1413,2024-10-22 01:41:26.400513
"Apple iPhone 16 Pro, 256GB, 6,3""",Apple iPhone 16 Pro,nabava.net,1390.0,2024-10-22 01:41:27.777465
"Apple iPhone 15 Pro, 256GB, 6,1""",Apple iPhone 15 Pro,mobileshop.eu,1413,2024-10-22 01:41:28.918916
"Apple iPhone 15 Pro, 256GB, 6,1""",Apple iPhone 15 Pro,nabava.net,1127.95,2024-10-22 01:43:44.970549
"Samsung Galaxy S24, 256GB, 6.2",Samsung Galaxy S24,links.hr,1019.99,2024-10-22 01:43:46.391720
"Samsung Galaxy S24, 256GB, 6.2",Samsung Galaxy S24,mikronis.hr,1019.00,2024-10-22 01:46:03.160525
"Samsung Galaxy S24, 256GB, 6.2",Samsung Galaxy S24,nabava.net,692.0,2024-10-22 01:46:04.606378
"Apple iPhone 16, 256GB, 6,1""",Apple iPhone 16,nabava.net,1054.0,2024-10-23 09:46:38.659959
"Apple iPhone 16, 256GB, 6,1""",Apple iPhone 16,links.hr,1219.99,2024-10-23 09:46:39.816945
"Apple iPhone 16 Pro, 256GB, 6,3""",Apple iPhone 16 Pro,mobileshop.eu,1409,2024-10-23 09:46:40.751612
"Apple iPhone 16 Pro, 256GB, 6,3""",Apple iPhone 16 Pro,nabava.net,1330.0,2024-10-23 09:46:41.788235
"Apple iPhone 15 Pro, 256GB, 6,1""",Apple iPhone 15 Pro,mobileshop.eu,1409,2024-10-23 09:46:42.729210
"Apple iPhone 15 Pro, 256GB, 6,1""",Apple iPhone 15 Pro,nabava.net,1040.25,2024-10-23 09:48:58.411091
"Samsung Galaxy S24, 256GB, 6.2",Samsung Galaxy S24,links.hr,1019.99,2024-10-23 09:48:59.736381
"Samsung Galaxy S24, 256GB, 6.2",Samsung Galaxy S24,mikronis.hr,1019.00,2024-10-23 09:51:16.700474
"Samsung Galaxy S24, 256GB, 6.2",Samsung Galaxy S24,nabava.net,695.0,2024-10-23 09:51:17.813375
"Apple iPhone 16, 256GB, 6,1""",Apple iPhone 16,nabava.net,1054.0,2024-10-24 01:39:47.924557
"Apple iPhone 16, 256GB, 6,1""",Apple iPhone 16,links.hr,1219.99,2024-10-24 01:39:49.149507
"Apple iPhone 16 Pro, 256GB, 6,3""",Apple iPhone 16 Pro,mobileshop.eu,1409,2024-10-24 01:39:50.213308
"Apple iPhone 16 Pro, 256GB, 6,3""",Apple iPhone 16 Pro,nabava.net,1330.0,2024-10-24 01:39:51.461813
"Apple iPhone 15 Pro, 256GB, 6,1""",Apple iPhone 15 Pro,mobileshop.eu,1409,2024-10-24 01:39:52.531411
"Apple iPhone 15 Pro, 256GB, 6,1""",Apple iPhone 15 Pro,nabava.net,1040.25,2024-10-24 01:42:08.065486
"Samsung Galaxy S24, 256GB, 6.2",Samsung Galaxy S24,links.hr,1019.99,2024-10-24 01:42:09.236046
"Samsung Galaxy S24, 256GB, 6.2",Samsung Galaxy S24,mikronis.hr,1019.00,2024-10-24 01:44:25.927851
"Samsung Galaxy S24, 256GB, 6.2",Samsung Galaxy S24,nabava.net,690.0,2024-10-24 01:44:27.239830
"Apple iPhone 16, 256GB, 6,1""",Apple iPhone 16,nabava.net,1054.0,2024-10-25 01:40:52.420644
"Apple iPhone 16, 256GB, 6,1""",Apple iPhone 16,links.hr,1219.99,2024-10-25 01:40:53.756267
"Apple iPhone 16 Pro, 256GB, 6,3""",Apple iPhone 16 Pro,mobileshop.eu,1379,2024-10-25 01:40:55.500016
"Apple iPhone 16 Pro, 256GB, 6,3""",Apple iPhone 16 Pro,nabava.net,1330.0,2024-10-25 01:40:56.808653
"Apple iPhone 15 Pro, 256GB, 6,1""",Apple iPhone 15 Pro,mobileshop.eu,1379,2024-10-25 01:40:57.888843
"Apple iPhone 15 Pro, 256GB, 6,1""",Apple iPhone 15 Pro,nabava.net,1040.25,2024-10-25 01:43:13.920043
"Samsung Galaxy S24, 256GB, 6.2",Samsung Galaxy S24,links.hr,1019.99,2024-10-25 01:43:15.276111
"Samsung Galaxy S24, 256GB, 6.2",Samsung Galaxy S24,mikronis.hr,1019.00,2024-10-25 01:45:32.272473
"Samsung Galaxy S24, 256GB, 6.2",Samsung Galaxy S24,nabava.net,660.25,2024-10-25 01:45:33.575001
"Apple iPhone 16, 256GB, 6,1""",Apple iPhone 16,nabava.net,1054.0,2024-10-26 01:37:21.362857
"Apple iPhone 16, 256GB, 6,1""",Apple iPhone 16,links.hr,1219.99,2024-10-26 01:37:22.685236
"Apple iPhone 16 Pro, 256GB, 6,3""",Apple iPhone 16 Pro,mobileshop.eu,1247,2024-10-26 01:37:23.959748
"Apple iPhone 16 Pro, 256GB, 6,3""",Apple iPhone 16 Pro,nabava.net,1259.0,2024-10-26 01:37:25.290727
"Apple iPhone 15 Pro, 256GB, 6,1""",Apple iPhone 15 Pro,mobileshop.eu,1247,2024-10-26 01:37:26.408936
"Apple iPhone 15 Pro, 256GB, 6,1""",Apple iPhone 15 Pro,nabava.net,1040.25,2024-10-26 01:39:41.677757
"Samsung Galaxy S24, 256GB, 6.2",Samsung Galaxy S24,links.hr,1019.99,2024-10-26 01:39:43.111302
"Samsung Galaxy S24, 256GB, 6.2",Samsung Galaxy S24,mikronis.hr,1019.00,2024-10-26 01:41:59.935698
"Samsung Galaxy S24, 256GB, 6.2",Samsung Galaxy S24,nabava.net,660.25,2024-10-26 01:42:01.265641
"Apple iPhone 16, 256GB, 6,1""",Apple iPhone 16,nabava.net,1054.0,2024-10-27 01:45:57.163760
"Apple iPhone 16, 256GB, 6,1""",Apple iPhone 16,links.hr,1219.99,2024-10-27 01:45:58.392771
"Apple iPhone 16 Pro, 256GB, 6,3""",Apple iPhone 16 Pro,mobileshop.eu,1247,2024-10-27 01:45:59.431251
"Apple iPhone 16 Pro, 256GB, 6,3""",Apple iPhone 16 Pro,nabava.net,1247.0,2024-10-27 01:46:00.384671
"Apple iPhone 15 Pro, 256GB, 6,1""",Apple iPhone 15 Pro,mobileshop.eu,1247,2024-10-27 01:46:01.432282
"Apple iPhone 15 Pro, 256GB, 6,1""",Apple iPhone 15 Pro,nabava.net,1040.25,2024-10-27 01:48:18.000187
"Samsung Galaxy S24, 256GB, 6.2",Samsung Galaxy S24,links.hr,1019.99,2024-10-27 01:48:19.266027
"Samsung Galaxy S24, 256GB, 6.2",Samsung Galaxy S24,mikronis.hr,1019.00,2024-10-27 01:50:35.724170
"Samsung Galaxy S24, 256GB, 6.2",Samsung Galaxy S24,nabava.net,660.25,2024-10-27 01:50:37.229677
"Apple iPhone 16, 256GB, 6,1""",Apple iPhone 16,nabava.net,1054.0,2024-10-28 01:44:12.908226
"Apple iPhone 16, 256GB, 6,1""",Apple iPhone 16,links.hr,1219.99,2024-10-28 01:44:14.405039
"Apple iPhone 16 Pro, 256GB, 6,3""",Apple iPhone 16 Pro,mobileshop.eu,1247,2024-10-28 01:44:15.735767
"Apple iPhone 16 Pro, 256GB, 6,3""",Apple iPhone 16 Pro,nabava.net,1247.0,2024-10-28 01:44:16.905710
"Apple iPhone 15 Pro, 256GB, 6,1""",Apple iPhone 15 Pro,mobileshop.eu,1247,2024-10-28 01:44:17.942884
"Apple iPhone 15 Pro, 256GB, 6,1""",Apple iPhone 15 Pro,nabava.net,1040.25,2024-10-28 01:46:33.614892
"Samsung Galaxy S24, 256GB, 6.2",Samsung Galaxy S24,links.hr,1019.99,2024-10-28 01:46:34.964943
"Samsung Galaxy S24, 256GB, 6.2",Samsung Galaxy S24,mikronis.hr,1019.00,2024-10-28 01:48:51.431364
"Samsung Galaxy S24, 256GB, 6.2",Samsung Galaxy S24,nabava.net,660.25,2024-10-28 01:48:52.934014
"Apple iPhone 16, 256GB, 6,1""",Apple iPhone 16,nabava.net,1054.0,2024-10-29 01:42:16.711038
"Apple iPhone 16, 256GB, 6,1""",Apple iPhone 16,links.hr,1219.99,2024-10-29 01:42:18.087601
"Apple iPhone 16 Pro, 256GB, 6,3""",Apple iPhone 16 Pro,mobileshop.eu,1247,2024-10-29 01:42:19.264478
"Apple iPhone 16 Pro, 256GB, 6,3""",Apple iPhone 16 Pro,nabava.net,1247.0,2024-10-29 01:42:20.520038
"Apple iPhone 15 Pro, 256GB, 6,1""",Apple iPhone 15 Pro,mobileshop.eu,1247,2024-10-29 01:42:21.760729
"Apple iPhone 15 Pro, 256GB, 6,1""",Apple iPhone 15 Pro,nabava.net,1040.25,2024-10-29 01:44:37.555665
"Samsung Galaxy S24, 256GB, 6.2",Samsung Galaxy S24,links.hr,1019.99,2024-10-29 01:44:38.962085
"Samsung Galaxy S24, 256GB, 6.2",Samsung Galaxy S24,nabava.net,660.25,2024-10-29 01:46:56.506180
"Apple iPhone 16, 256GB, 6,1""",Apple iPhone 16,nabava.net,1054.0,2024-10-30 01:41:03.434211
"Apple iPhone 16, 256GB, 6,1""",Apple iPhone 16,links.hr,1219.99,2024-10-30 01:41:04.828334
"Apple iPhone 16 Pro, 256GB, 6,3""",Apple iPhone 16 Pro,nabava.net,1330.0,2024-10-30 01:41:06.763293
"Apple iPhone 15 Pro, 256GB, 6,1""",Apple iPhone 15 Pro,nabava.net,1040.25,2024-10-30 01:43:22.773037
"Samsung Galaxy S24, 256GB, 6.2",Samsung Galaxy S24,links.hr,1019.99,2024-10-30 01:43:24.771504
"Samsung Galaxy S24, 256GB, 6.2",Samsung Galaxy S24,nabava.net,660.25,2024-10-30 01:45:41.497412
"Apple iPhone 16, 256GB, 6,1""",Apple iPhone 16,nabava.net,1042.0,2024-10-31 01:42:05.449572
"Apple iPhone 16, 256GB, 6,1""",Apple iPhone 16,links.hr,1219.99,2024-10-31 01:42:06.821800
"Apple iPhone 16 Pro, 256GB, 6,3""",Apple iPhone 16 Pro,nabava.net,1330.0,2024-10-31 01:42:09.435098
"Apple iPhone 15 Pro, 256GB, 6,1""",Apple iPhone 15 Pro,nabava.net,1040.25,2024-10-31 01:44:26.066218
"Samsung Galaxy S24, 256GB, 6.2",Samsung Galaxy S24,links.hr,1019.99,2024-10-31 01:44:27.547305
"Samsung Galaxy S24, 256GB, 6.2",Samsung Galaxy S24,nabava.net,660.25,2024-10-31 01:46:45.067978
"Apple iPhone 16, 256GB, 6,1""",Apple iPhone 16,nabava.net,1042.0,2024-11-01 01:47:41.408344
"Apple iPhone 16, 256GB, 6,1""",Apple iPhone 16,links.hr,1219.99,2024-11-01 01:47:42.507772
"Apple iPhone 16 Pro, 256GB, 6,3""",Apple iPhone 16 Pro,nabava.net,1330.0,2024-11-01 01:47:44.427977
"Apple iPhone 15 Pro, 256GB, 6,1""",Apple iPhone 15 Pro,nabava.net,1040.25,2024-11-01 01:50:01.766967
"Samsung Galaxy S24, 256GB, 6.2",Samsung Galaxy S24,links.hr,1019.99,2024-11-01 01:50:03.202150
"Samsung Galaxy S24, 256GB, 6.2",Samsung Galaxy S24,nabava.net,660.25,2024-11-01 01:52:20.607402
"Apple iPhone 16, 256GB, 6,1""",Apple iPhone 16,nabava.net,1037.0,2024-11-02 01:38:42.555635
"Apple iPhone 16, 256GB, 6,1""",Apple iPhone 16,links.hr,1219.99,2024-11-02 01:38:43.812105
"Apple iPhone 16 Pro, 256GB, 6,3""",Apple iPhone 16 Pro,nabava.net,1330.0,2024-11-02 01:38:45.971253
"Apple iPhone 15 Pro, 256GB, 6,1""",Apple iPhone 15 Pro,nabava.net,1040.25,2024-11-02 01:41:03.183742
"Samsung Galaxy S24, 256GB, 6.2",Samsung Galaxy S24,links.hr,1019.99,2024-11-02 01:41:04.594838
"Samsung Galaxy S24, 256GB, 6.2",Samsung Galaxy S24,nabava.net,660.25,2024-11-02 01:43:22.301159
"Apple iPhone 16, 256GB, 6,1""",Apple iPhone 16,nabava.net,1037.0,2024-11-03 01:46:11.219618
"Apple iPhone 16, 256GB, 6,1""",Apple iPhone 16,links.hr,1219.99,2024-11-03 01:46:12.556724
"Apple iPhone 16 Pro, 256GB, 6,3""",Apple iPhone 16 Pro,nabava.net,1330.0,2024-11-03 01:46:14.791195
"Apple iPhone 15 Pro, 256GB, 6,1""",Apple iPhone 15 Pro,nabava.net,1040.25,2024-11-03 01:48:30.986256
"Samsung Galaxy S24, 256GB, 6.2",Samsung Galaxy S24,links.hr,1019.99,2024-11-03 01:48:32.484014
"Samsung Galaxy S24, 256GB, 6.2",Samsung Galaxy S24,nabava.net,660.25,2024-11-03 01:50:50.012193
"Apple iPhone 16, 256GB, 6,1""",Apple iPhone 16,nabava.net,1037.0,2024-11-04 01:42:39.274590
"Apple iPhone 16, 256GB, 6,1""",Apple iPhone 16,links.hr,1219.99,2024-11-04 01:42:40.432617
"Apple iPhone 16 Pro, 256GB, 6,3""",Apple iPhone 16 Pro,nabava.net,1330.0,2024-11-04 01:42:42.368385
"Apple iPhone 15 Pro, 256GB, 6,1""",Apple iPhone 15 Pro,nabava.net,1040.25,2024-11-04 01:45:00.134552
"Samsung Galaxy S24, 256GB, 6.2",Samsung Galaxy S24,links.hr,1019.99,2024-11-04 01:45:01.700514
"Samsung Galaxy S24, 256GB, 6.2",Samsung Galaxy S24,nabava.net,660.25,2024-11-04 01:47:18.587803
"Apple iPhone 16, 256GB, 6,1""",Apple iPhone 16,nabava.net,1037.0,2024-11-05 01:38:41.400540
"Apple iPhone 16 Pro, 256GB, 6,3""",Apple iPhone 16 Pro,nabava.net,1330.0,2024-11-05 01:38:45.672673
"Apple iPhone 15 Pro, 256GB, 6,1""",Apple iPhone 15 Pro,nabava.net,1040.25,2024-11-05 01:41:03.106012
"Samsung Galaxy S24, 256GB, 6.2",Samsung Galaxy S24,links.hr,1019.99,2024-11-05 01:41:04.432508
"Samsung Galaxy S24, 256GB, 6.2",Samsung Galaxy S24,nabava.net,660.25,2024-11-05 01:43:22.118931
"Apple iPhone 16, 256GB, 6,1""",Apple iPhone 16,nabava.net,1030.0,2024-11-06 01:38:00.674449
"Apple iPhone 16 Pro, 256GB, 6,3""",Apple iPhone 16 Pro,nabava.net,1330.0,2024-11-06 01:38:04.377116
"Apple iPhone 15 Pro, 256GB, 6,1""",Apple iPhone 15 Pro,nabava.net,1040.25,2024-11-06 01:40:20.282661
"Samsung Galaxy S24, 256GB, 6.2",Samsung Galaxy S24,links.hr,1019.99,2024-11-06 01:40:21.833289
"Samsung Galaxy S24, 256GB, 6.2",Samsung Galaxy S24,nabava.net,697.0,2024-11-06 01:42:39.272787
"Apple iPhone 16, 256GB, 6,1""",Apple iPhone 16,nabava.net,1030.0,2024-11-07 01:38:22.587106
"Apple iPhone 16 Pro, 256GB, 6,3""",Apple iPhone 16 Pro,nabava.net,1330.0,2024-11-07 01:38:25.581454
"Apple iPhone 15 Pro, 256GB, 6,1""",Apple iPhone 15 Pro,nabava.net,1040.25,2024-11-07 01:40:40.973544
"Samsung Galaxy S24, 256GB, 6.2",Samsung Galaxy S24,links.hr,1019.99,2024-11-07 01:40:42.283385
"Samsung Galaxy S24, 256GB, 6.2",Samsung Galaxy S24,nabava.net,697.0,2024-11-07 01:43:00.350662
"Apple iPhone 16, 256GB, 6,1""",Apple iPhone 16,nabava.net,1035.0,2024-11-08 01:38:42.093396
"Apple iPhone 16 Pro, 256GB, 6,3""",Apple iPhone 16 Pro,nabava.net,1330.0,2024-11-08 01:38:47.337972
"Apple iPhone 15 Pro, 256GB, 6,1""",Apple iPhone 15 Pro,nabava.net,1040.25,2024-11-08 01:41:05.709648
"Samsung Galaxy S24, 256GB, 6.2",Samsung Galaxy S24,links.hr,1019.99,2024-11-08 01:41:07.682651
"Samsung Galaxy S24, 256GB, 6.2",Samsung Galaxy S24,nabava.net,678.0,2024-11-08 01:43:25.888049
"Apple iPhone 16, 256GB, 6,1""",Apple iPhone 16,nabava.net,1029.38,2024-11-09 01:35:46.134492
"Apple iPhone 16 Pro, 256GB, 6,3""",Apple iPhone 16 Pro,nabava.net,1330.0,2024-11-09 01:35:50.893523
"Apple iPhone 15 Pro, 256GB, 6,1""",Apple iPhone 15 Pro,nabava.net,1040.25,2024-11-09 01:38:08.852817
"Samsung Galaxy S24, 256GB, 6.2",Samsung Galaxy S24,links.hr,1019.99,2024-11-09 01:38:10.582652
"Samsung Galaxy S24, 256GB, 6.2",Samsung Galaxy S24,nabava.net,690.0,2024-11-09 01:40:28.480364
"Apple iPhone 16, 256GB, 6,1""",Apple iPhone 16,nabava.net,1031.99,2024-11-10 01:43:14.482943
"Apple iPhone 16 Pro, 256GB, 6,3""",Apple iPhone 16 Pro,nabava.net,1330.0,2024-11-10 01:43:19.578980
"Apple iPhone 15 Pro, 256GB, 6,1""",Apple iPhone 15 Pro,nabava.net,1040.25,2024-11-10 01:45:36.494474
"Samsung Galaxy S24, 256GB, 6.2",Samsung Galaxy S24,links.hr,1019.99,2024-11-10 01:45:38.403682
"Samsung Galaxy S24, 256GB, 6.2",Samsung Galaxy S24,nabava.net,689.0,2024-11-10 01:47:58.129508
"Apple iPhone 16, 256GB, 6,1""",Apple iPhone 16,nabava.net,1031.99,2024-11-11 01:40:26.792701
"Apple iPhone 16 Pro, 256GB, 6,3""",Apple iPhone 16 Pro,nabava.net,1330.0,2024-11-11 01:40:30.675631
"Apple iPhone 15 Pro, 256GB, 6,1""",Apple iPhone 15 Pro,nabava.net,1040.25,2024-11-11 01:42:46.593783
"Samsung Galaxy S24, 256GB, 6.2",Samsung Galaxy S24,links.hr,1019.99,2024-11-11 01:42:47.870697
"Samsung Galaxy S24, 256GB, 6.2",Samsung Galaxy S24,nabava.net,680.0,2024-11-11 01:45:06.022112
"Apple iPhone 16, 256GB, 6,1""",Apple iPhone 16,nabava.net,1026.45,2024-11-12 01:37:20.370109
"Apple iPhone 16 Pro, 256GB, 6,3""",Apple iPhone 16 Pro,nabava.net,1330.0,2024-11-12 01:37:23.600207
"Apple iPhone 15 Pro, 256GB, 6,1""",Apple iPhone 15 Pro,nabava.net,1040.25,2024-11-12 01:39:40.762921
"Samsung Galaxy S24, 256GB, 6.2",Samsung Galaxy S24,links.hr,1019.99,2024-11-12 01:39:42.115036
"Samsung Galaxy S24, 256GB, 6.2",Samsung Galaxy S24,nabava.net,680.0,2024-11-12 01:42:00.128995
"Apple iPhone 16, 256GB, 6,1""",Apple iPhone 16,nabava.net,1026.45,2024-11-13 01:39:40.818829
"Apple iPhone 16 Pro, 256GB, 6,3""",Apple iPhone 16 Pro,nabava.net,1330.0,2024-11-13 01:39:45.682766
"Apple iPhone 15 Pro, 256GB, 6,1""",Apple iPhone 15 Pro,nabava.net,1040.25,2024-11-13 01:42:03.451419
"Samsung Galaxy S24, 256GB, 6.2",Samsung Galaxy S24,links.hr,1019.99,2024-11-13 01:42:05.595957
"Samsung Galaxy S24, 256GB, 6.2",Samsung Galaxy S24,nabava.net,680.0,2024-11-13 01:44:25.204814
"Apple iPhone 16, 256GB, 6,1""",Apple iPhone 16,nabava.net,1026.45,2024-11-14 01:39:38.358766
"Apple iPhone 16 Pro, 256GB, 6,3""",Apple iPhone 16 Pro,nabava.net,1330.0,2024-11-14 01:39:41.647466
"Apple iPhone 15 Pro, 256GB, 6,1""",Apple iPhone 15 Pro,nabava.net,1040.25,2024-11-14 01:41:58.883262
"Samsung Galaxy S24, 256GB, 6.2",Samsung Galaxy S24,links.hr,1019.99,2024-11-14 01:42:00.255732
"Samsung Galaxy S24, 256GB, 6.2",Samsung Galaxy S24,nabava.net,689.0,2024-11-14 01:44:17.857031
"Apple iPhone 16, 256GB, 6,1""",Apple iPhone 16,nabava.net,1024.74,2024-11-15 01:45:30.548563
"Apple iPhone 16 Pro, 256GB, 6,3""",Apple iPhone 16 Pro,mobileshop.eu,1317,2024-11-15 01:45:33.169056
"Apple iPhone 16 Pro, 256GB, 6,3""",Apple iPhone 16 Pro,nabava.net,1301.0,2024-11-15 01:45:34.132621
"Apple iPhone 15 Pro, 256GB, 6,1""",Apple iPhone 15 Pro,mobileshop.eu,1317,2024-11-15 01:45:35.149828
"Apple iPhone 15 Pro, 256GB, 6,1""",Apple iPhone 15 Pro,nabava.net,1040.25,2024-11-15 01:47:50.254646
"Samsung Galaxy S24, 256GB, 6.2",Samsung Galaxy S24,links.hr,1019.99,2024-11-15 01:47:51.698581
"Samsung Galaxy S24, 256GB, 6.2",Samsung Galaxy S24,nabava.net,689.0,2024-11-15 01:50:09.478922
"Apple iPhone 16, 256GB, 6,1""",Apple iPhone 16,nabava.net,1027.08,2024-11-16 01:43:05.716376
"Apple iPhone 16 Pro, 256GB, 6,3""",Apple iPhone 16 Pro,mobileshop.eu,1313,2024-11-16 01:43:09.361403
"Apple iPhone 16 Pro, 256GB, 6,3""",Apple iPhone 16 Pro,nabava.net,1277.75,2024-11-16 01:43:10.958240
"Apple iPhone 15 Pro, 256GB, 6,1""",Apple iPhone 15 Pro,mobileshop.eu,1313,2024-11-16 01:43:12.350449
"Apple iPhone 15 Pro, 256GB, 6,1""",Apple iPhone 15 Pro,nabava.net,1040.25,2024-11-16 01:45:27.820576
"Samsung Galaxy S24, 256GB, 6.2",Samsung Galaxy S24,links.hr,1019.99,2024-11-16 01:45:29.671226
"Samsung Galaxy S24, 256GB, 6.2",Samsung Galaxy S24,nabava.net,689.0,2024-11-16 01:47:47.613998
"Apple iPhone 16, 256GB, 6,1""",Apple iPhone 16,nabava.net,1027.08,2024-11-17 01:49:34.390698
"Apple iPhone 16 Pro, 256GB, 6,3""",Apple iPhone 16 Pro,mobileshop.eu,1313,2024-11-17 01:49:37.255420
"Apple iPhone 16 Pro, 256GB, 6,3""",Apple iPhone 16 Pro,nabava.net,1277.75,2024-11-17 01:49:38.163229
"Apple iPhone 15 Pro, 256GB, 6,1""",Apple iPhone 15 Pro,mobileshop.eu,1313,2024-11-17 01:49:38.979327
"Apple iPhone 15 Pro, 256GB, 6,1""",Apple iPhone 15 Pro,nabava.net,1154.0,2024-11-17 01:51:55.081312
"Samsung Galaxy S24, 256GB, 6.2",Samsung Galaxy S24,links.hr,1019.99,2024-11-17 01:51:56.443329
"Samsung Galaxy S24, 256GB, 6.2",Samsung Galaxy S24,nabava.net,688.0,2024-11-17 01:54:13.926811
"Apple iPhone 16, 256GB, 6,1""",Apple iPhone 16,nabava.net,1027.08,2024-11-18 01:47:27.861942
"Apple iPhone 16 Pro, 256GB, 6,3""",Apple iPhone 16 Pro,mobileshop.eu,1317,2024-11-18 01:47:30.501275
"Apple iPhone 16 Pro, 256GB, 6,3""",Apple iPhone 16 Pro,nabava.net,1277.75,2024-11-18 01:47:31.883167
"Apple iPhone 15 Pro, 256GB, 6,1""",Apple iPhone 15 Pro,mobileshop.eu,1317,2024-11-18 01:47:32.968456
"Apple iPhone 15 Pro, 256GB, 6,1""",Apple iPhone 15 Pro,nabava.net,1154.0,2024-11-18 01:49:49.320483
"Samsung Galaxy S24, 256GB, 6.2",Samsung Galaxy S24,links.hr,1019.99,2024-11-18 01:49:50.734034
"Samsung Galaxy S24, 256GB, 6.2",Samsung Galaxy S24,nabava.net,599.0,2024-11-18 01:52:08.696354
"Apple iPhone 16, 256GB, 6,1""",Apple iPhone 16,nabava.net,1030.0,2024-11-19 01:45:20.536049
"Apple iPhone 16 Pro, 256GB, 6,3""",Apple iPhone 16 Pro,mobileshop.eu,1313,2024-11-19 01:45:23.115984
"Apple iPhone 16 Pro, 256GB, 6,3""",Apple iPhone 16 Pro,nabava.net,1277.75,2024-11-19 01:45:24.289865
"Apple iPhone 15 Pro, 256GB, 6,1""",Apple iPhone 15 Pro,mobileshop.eu,1313,2024-11-19 01:45:25.159553
"Apple iPhone 15 Pro, 256GB, 6,1""",Apple iPhone 15 Pro,nabava.net,1154.0,2024-11-19 01:47:39.894894
"Samsung Galaxy S24, 256GB, 6.2",Samsung Galaxy S24,links.hr,1019.99,2024-11-19 01:47:41.990593
"Samsung Galaxy S24, 256GB, 6.2",Samsung Galaxy S24,nabava.net,599.0,2024-11-19 01:49:59.049723
"Apple iPhone 16, 256GB, 6,1""",Apple iPhone 16,nabava.net,1030.0,2024-11-20 01:44:08.144720
"Apple iPhone 16 Pro, 256GB, 6,3""",Apple iPhone 16 Pro,mobileshop.eu,1301,2024-11-20 01:44:10.556833
"Apple iPhone 16 Pro, 256GB, 6,3""",Apple iPhone 16 Pro,nabava.net,1277.75,2024-11-20 01:44:11.830936
"Apple iPhone 15 Pro, 256GB, 6,1""",Apple iPhone 15 Pro,mobileshop.eu,1301,2024-11-20 01:44:12.827160
"Apple iPhone 15 Pro, 256GB, 6,1""",Apple iPhone 15 Pro,nabava.net,1154.0,2024-11-20 01:46:28.766387
"Samsung Galaxy S24, 256GB, 6.2",Samsung Galaxy S24,links.hr,1019.99,2024-11-20 01:46:29.983660
"Samsung Galaxy S24, 256GB, 6.2",Samsung Galaxy S24,nabava.net,688.0,2024-11-20 01:48:47.844216
"Apple iPhone 16, 256GB, 6,1""",Apple iPhone 16,nabava.net,1025.0,2024-11-21 01:44:00.335158
"Apple iPhone 16 Pro, 256GB, 6,3""",Apple iPhone 16 Pro,mobileshop.eu,1301,2024-11-21 01:44:02.666073
"Apple iPhone 16 Pro, 256GB, 6,3""",Apple iPhone 16 Pro,nabava.net,1277.75,2024-11-21 01:44:03.815471
"Apple iPhone 15 Pro, 256GB, 6,1""",Apple iPhone 15 Pro,mobileshop.eu,1301,2024-11-21 01:44:04.832260
"Apple iPhone 15 Pro, 256GB, 6,1""",Apple iPhone 15 Pro,nabava.net,1154.0,2024-11-21 01:46:20.789462
"Samsung Galaxy S24, 256GB, 6.2",Samsung Galaxy S24,links.hr,1019.99,2024-11-21 01:46:22.231675
"Samsung Galaxy S24, 256GB, 6.2",Samsung Galaxy S24,nabava.net,688.0,2024-11-21 01:48:39.764544
"Apple iPhone 16, 256GB, 6,1""",Apple iPhone 16,nabava.net,1025.0,2024-11-22 01:45:21.000308
"Apple iPhone 16 Pro, 256GB, 6,3""",Apple iPhone 16 Pro,mobileshop.eu,1301,2024-11-22 01:45:23.756641
"Apple iPhone 16 Pro, 256GB, 6,3""",Apple iPhone 16 Pro,nabava.net,1277.75,2024-11-22 01:45:24.763907
"Apple iPhone 15 Pro, 256GB, 6,1""",Apple iPhone 15 Pro,mobileshop.eu,1301,2024-11-22 01:45:25.851052
"Apple iPhone 15 Pro, 256GB, 6,1""",Apple iPhone 15 Pro,nabava.net,1135.25,2024-11-22 01:47:41.369834
"Samsung Galaxy S24, 256GB, 6.2",Samsung Galaxy S24,links.hr,1019.99,2024-11-22 01:47:42.841083
"Samsung Galaxy S24, 256GB, 6.2",Samsung Galaxy S24,nabava.net,681.0,2024-11-22 01:50:00.460338
"Apple iPhone 16, 256GB, 6,1""",Apple iPhone 16,nabava.net,1029.0,2024-11-23 01:41:31.322337
"Apple iPhone 16 Pro, 256GB, 6,3""",Apple iPhone 16 Pro,mobileshop.eu,1299,2024-11-23 01:41:33.663232
"Apple iPhone 16 Pro, 256GB, 6,3""",Apple iPhone 16 Pro,nabava.net,1277.75,2024-11-23 01:41:34.579548
"Apple iPhone 15 Pro, 256GB, 6,1""",Apple iPhone 15 Pro,mobileshop.eu,1299,2024-11-23 01:41:35.629292
"Apple iPhone 15 Pro, 256GB, 6,1""",Apple iPhone 15 Pro,nabava.net,1135.25,2024-11-23 01:43:50.341768
"Samsung Galaxy S24, 256GB, 6.2",Samsung Galaxy S24,links.hr,1019.99,2024-11-23 01:43:51.972353
"Samsung Galaxy S24, 256GB, 6.2",Samsung Galaxy S24,nabava.net,681.0,2024-11-23 01:46:09.264179
"Apple iPhone 16, 256GB, 6,1""",Apple iPhone 16,nabava.net,1020.0,2024-11-24 01:50:19.170142
"Apple iPhone 16 Pro, 256GB, 6,3""",Apple iPhone 16 Pro,mobileshop.eu,1299,2024-11-24 01:50:21.927850
"Apple iPhone 16 Pro, 256GB, 6,3""",Apple iPhone 16 Pro,nabava.net,1277.75,2024-11-24 01:50:23.247570
"Apple iPhone 15 Pro, 256GB, 6,1""",Apple iPhone 15 Pro,mobileshop.eu,1299,2024-11-24 01:50:24.351286
"Apple iPhone 15 Pro, 256GB, 6,1""",Apple iPhone 15 Pro,nabava.net,1135.25,2024-11-24 01:52:39.267074
"Samsung Galaxy S24, 256GB, 6.2",Samsung Galaxy S24,links.hr,1019.99,2024-11-24 01:52:40.747469
"Samsung Galaxy S24, 256GB, 6.2",Samsung Galaxy S24,nabava.net,709.0,2024-11-24 01:54:58.461616
"Apple iPhone 16, 256GB, 6,1""",Apple iPhone 16,nabava.net,1020.0,2024-11-25 01:47:04.209180
"Apple iPhone 16 Pro, 256GB, 6,3""",Apple iPhone 16 Pro,mobileshop.eu,1299,2024-11-25 01:47:06.817690
"Apple iPhone 16 Pro, 256GB, 6,3""",Apple iPhone 16 Pro,nabava.net,1277.75,2024-11-25 01:47:08.300881
"Apple iPhone 15 Pro, 256GB, 6,1""",Apple iPhone 15 Pro,mobileshop.eu,1299,2024-11-25 01:47:09.617803
"Apple iPhone 15 Pro, 256GB, 6,1""",Apple iPhone 15 Pro,nabava.net,1135.25,2024-11-25 01:49:25.100464
"Samsung Galaxy S24, 256GB, 6.2",Samsung Galaxy S24,links.hr,1019.99,2024-11-25 01:49:26.494864
"Samsung Galaxy S24, 256GB, 6.2",Samsung Galaxy S24,nabava.net,709.0,2024-11-25 01:51:44.246428
"Apple iPhone 16, 256GB, 6,1""",Apple iPhone 16,nabava.net,999.0,2024-11-26 01:45:58.116451
"Apple iPhone 16 Pro, 256GB, 6,3""",Apple iPhone 16 Pro,mobileshop.eu,1301,2024-11-26 01:46:00.669420
"Apple iPhone 16 Pro, 256GB, 6,3""",Apple iPhone 16 Pro,nabava.net,1256.0,2024-11-26 01:46:02.094213
"Apple iPhone 15 Pro, 256GB, 6,1""",Apple iPhone 15 Pro,mobileshop.eu,1301,2024-11-26 01:46:03.311317
"Apple iPhone 15 Pro, 256GB, 6,1""",Apple iPhone 15 Pro,nabava.net,1135.25,2024-11-26 01:48:19.305095
"Samsung Galaxy S24, 256GB, 6.2",Samsung Galaxy S24,links.hr,1019.99,2024-11-26 01:48:20.696364
"Samsung Galaxy S24, 256GB, 6.2",Samsung Galaxy S24,nabava.net,688.0,2024-11-26 01:50:38.418076
"Apple iPhone 16, 256GB, 6,1""",Apple iPhone 16,nabava.net,999.0,2024-11-27 01:47:20.987688
"Apple iPhone 16 Pro, 256GB, 6,3""",Apple iPhone 16 Pro,mobileshop.eu,1305,2024-11-27 01:47:23.747629
"Apple iPhone 16 Pro, 256GB, 6,3""",Apple iPhone 16 Pro,nabava.net,1254.0,2024-11-27 01:47:24.882883
"Apple iPhone 15 Pro, 256GB, 6,1""",Apple iPhone 15 Pro,mobileshop.eu,1305,2024-11-27 01:47:25.872500
"Apple iPhone 15 Pro, 256GB, 6,1""",Apple iPhone 15 Pro,nabava.net,1135.25,2024-11-27 01:49:42.660075
"Samsung Galaxy S24, 256GB, 6.2",Samsung Galaxy S24,links.hr,1019.99,2024-11-27 01:49:44.073459
"Samsung Galaxy S24, 256GB, 6.2",Samsung Galaxy S24,nabava.net,673.0,2024-11-27 01:52:01.529053
"Apple iPhone 16, 256GB, 6,1""",Apple iPhone 16,nabava.net,1006.0,2024-11-28 01:47:16.771418
"Apple iPhone 16 Pro, 256GB, 6,3""",Apple iPhone 16 Pro,mobileshop.eu,1292,2024-11-28 01:47:20.384089
"Apple iPhone 16 Pro, 256GB, 6,3""",Apple iPhone 16 Pro,nabava.net,1254.0,2024-11-28 01:47:22.094952
"Apple iPhone 15 Pro, 256GB, 6,1""",Apple iPhone 15 Pro,mobileshop.eu,1292,2024-11-28 01:47:23.619779
"Apple iPhone 15 Pro, 256GB, 6,1""",Apple iPhone 15 Pro,nabava.net,1135.25,2024-11-28 01:49:40.664971
"Samsung Galaxy S24, 256GB, 6.2",Samsung Galaxy S24,links.hr,1019.99,2024-11-28 01:49:42.489225
"Samsung Galaxy S24, 256GB, 6.2",Samsung Galaxy S24,nabava.net,673.0,2024-11-28 01:52:00.269851
"Apple iPhone 16, 256GB, 6,1""",Apple iPhone 16,nabava.net,980.0,2024-12-12 01:48:51.145380
"Apple iPhone 16 Pro, 256GB, 6,3""",Apple iPhone 16 Pro,mobileshop.eu,1280,2024-12-12 01:48:54.561673
"Apple iPhone 16 Pro, 256GB, 6,3""",Apple iPhone 16 Pro,nabava.net,1187.5,2024-12-12 01:48:56.245295
"Apple iPhone 15 Pro, 256GB, 6,1""",Apple iPhone 15 Pro,mobileshop.eu,1280,2024-12-12 01:48:57.716366
"Apple iPhone 15 Pro, 256GB, 6,1""",Apple iPhone 15 Pro,nabava.net,1135.25,2024-12-12 01:51:14.375164
"Samsung Galaxy S24, 256GB, 6.2",Samsung Galaxy S24,links.hr,899.99,2024-12-12 01:51:16.262599
"Samsung Galaxy S24, 256GB, 6.2",Samsung Galaxy S24,nabava.net,684.0,2024-12-12 01:53:36.072760
"Apple iPhone 16, 256GB, 6,1""",Apple iPhone 16,nabava.net,990.0,2024-12-13 01:50:08.780338
"Apple iPhone 16 Pro, 256GB, 6,3""",Apple iPhone 16 Pro,mobileshop.eu,1280,2024-12-13 01:50:11.743460
"Apple iPhone 16 Pro, 256GB, 6,3""",Apple iPhone 16 Pro,nabava.net,1187.5,2024-12-13 01:50:13.002333
"Apple iPhone 15 Pro, 256GB, 6,1""",Apple iPhone 15 Pro,mobileshop.eu,1280,2024-12-13 01:50:14.157850
"Apple iPhone 15 Pro, 256GB, 6,1""",Apple iPhone 15 Pro,nabava.net,1135.25,2024-12-13 01:52:30.151550
"Samsung Galaxy S24, 256GB, 6.2",Samsung Galaxy S24,links.hr,899.99,2024-12-13 01:52:31.841486
"Samsung Galaxy S24, 256GB, 6.2",Samsung Galaxy S24,nabava.net,684.0,2024-12-13 01:54:49.275090
"Apple iPhone 16, 256GB, 6,1""",Apple iPhone 16,nabava.net,990.0,2024-12-14 01:45:33.214075
"Apple iPhone 16 Pro, 256GB, 6,3""",Apple iPhone 16 Pro,mobileshop.eu,1280,2024-12-14 01:45:37.530177
"Apple iPhone 16 Pro, 256GB, 6,3""",Apple iPhone 16 Pro,nabava.net,1187.5,2024-12-14 01:45:39.191431
"Apple iPhone 15 Pro, 256GB, 6,1""",Apple iPhone 15 Pro,mobileshop.eu,1280,2024-12-14 01:45:40.661093
"Apple iPhone 15 Pro, 256GB, 6,1""",Apple iPhone 15 Pro,nabava.net,1135.25,2024-12-14 01:47:58.072409
"Samsung Galaxy S24, 256GB, 6.2",Samsung Galaxy S24,links.hr,899.99,2024-12-14 01:47:59.890581
"Samsung Galaxy S24, 256GB, 6.2",Samsung Galaxy S24,nabava.net,684.0,2024-12-14 01:50:17.641757
"Apple iPhone 16, 256GB, 6,1""",Apple iPhone 16,nabava.net,980.0,2024-12-15 01:55:43.996814
"Apple iPhone 16 Pro, 256GB, 6,3""",Apple iPhone 16 Pro,mobileshop.eu,1280,2024-12-15 01:55:47.627482
"Apple iPhone 16 Pro, 256GB, 6,3""",Apple iPhone 16 Pro,nabava.net,1140.0,2024-12-15 01:55:49.253967
"Apple iPhone 15 Pro, 256GB, 6,1""",Apple iPhone 15 Pro,mobileshop.eu,1280,2024-12-15 01:55:50.342310
"Apple iPhone 15 Pro, 256GB, 6,1""",Apple iPhone 15 Pro,nabava.net,1135.25,2024-12-15 01:58:06.065957
"Samsung Galaxy S24, 256GB, 6.2",Samsung Galaxy S24,links.hr,899.99,2024-12-15 01:58:08.054418
"Samsung Galaxy S24, 256GB, 6.2",Samsung Galaxy S24,nabava.net,684.0,2024-12-15 02:00:27.903062
"Apple iPhone 16, 256GB, 6,1""",Apple iPhone 16,nabava.net,980.0,2024-12-16 01:52:35.675332
"Apple iPhone 16 Pro, 256GB, 6,3""",Apple iPhone 16 Pro,mobileshop.eu,1280,2024-12-16 01:52:38.062314
"Apple iPhone 16 Pro, 256GB, 6,3""",Apple iPhone 16 Pro,nabava.net,1140.0,2024-12-16 01:52:39.159730
"Apple iPhone 15 Pro, 256GB, 6,1""",Apple iPhone 15 Pro,mobileshop.eu,1280,2024-12-16 01:52:40.114113
"Apple iPhone 15 Pro, 256GB, 6,1""",Apple iPhone 15 Pro,nabava.net,1135.25,2024-12-16 01:54:57.402463
"Samsung Galaxy S24, 256GB, 6.2",Samsung Galaxy S24,links.hr,899.99,2024-12-16 01:54:58.862061
"Samsung Galaxy S24, 256GB, 6.2",Samsung Galaxy S24,nabava.net,684.0,2024-12-16 01:57:14.145417
"Apple iPhone 16, 256GB, 6,1""",Apple iPhone 16,nabava.net,980.0,2024-12-17 01:48:34.187554
"Apple iPhone 16 Pro, 256GB, 6,3""",Apple iPhone 16 Pro,mobileshop.eu,1283,2024-12-17 01:48:36.546063
"Apple iPhone 16 Pro, 256GB, 6,3""",Apple iPhone 16 Pro,nabava.net,1140.0,2024-12-17 01:48:37.636285
"Apple iPhone 15 Pro, 256GB, 6,1""",Apple iPhone 15 Pro,mobileshop.eu,1283,2024-12-17 01:48:38.625604
"Apple iPhone 15 Pro, 256GB, 6,1""",Apple iPhone 15 Pro,nabava.net,1135.25,2024-12-17 01:50:52.543961
"Samsung Galaxy S24, 256GB, 6.2",Samsung Galaxy S24,links.hr,899.99,2024-12-17 01:50:53.813567
"Samsung Galaxy S24, 256GB, 6.2",Samsung Galaxy S24,nabava.net,684.0,2024-12-17 01:53:09.647490
"Apple iPhone 16, 256GB, 6,1""",Apple iPhone 16,nabava.net,988.0,2024-12-18 01:46:09.326217
"Apple iPhone 16 Pro, 256GB, 6,3""",Apple iPhone 16 Pro,mobileshop.eu,1283,2024-12-18 01:46:11.818162
"Apple iPhone 16 Pro, 256GB, 6,3""",Apple iPhone 16 Pro,nabava.net,1140.0,2024-12-18 01:46:13.006330
"Apple iPhone 15 Pro, 256GB, 6,1""",Apple iPhone 15 Pro,mobileshop.eu,1283,2024-12-18 01:46:14.269925
"Apple iPhone 15 Pro, 256GB, 6,1""",Apple iPhone 15 Pro,nabava.net,1135.25,2024-12-18 01:48:31.569271
"Samsung Galaxy S24, 256GB, 6.2",Samsung Galaxy S24,links.hr,899.99,2024-12-18 01:48:33.536764
"Samsung Galaxy S24, 256GB, 6.2",Samsung Galaxy S24,nabava.net,680.0,2024-12-18 01:50:52.356403
"Apple iPhone 16, 256GB, 6,1""",Apple iPhone 16,nabava.net,988.0,2024-12-19 01:45:55.230368
"Apple iPhone 16 Pro, 256GB, 6,3""",Apple iPhone 16 Pro,mobileshop.eu,1277,2024-12-19 01:45:57.903837
"Apple iPhone 16 Pro, 256GB, 6,3""",Apple iPhone 16 Pro,nabava.net,1140.0,2024-12-19 01:45:59.039000
"Apple iPhone 15 Pro, 256GB, 6,1""",Apple iPhone 15 Pro,mobileshop.eu,1277,2024-12-19 01:46:00.077968
"Apple iPhone 15 Pro, 256GB, 6,1""",Apple iPhone 15 Pro,nabava.net,1135.25,2024-12-19 01:48:17.552291
"Samsung Galaxy S24, 256GB, 6.2",Samsung Galaxy S24,links.hr,899.99,2024-12-19 01:48:19.364009
"Samsung Galaxy S24, 256GB, 6.2",Samsung Galaxy S24,nabava.net,674.0,2024-12-19 01:50:38.515860
"Apple iPhone 16, 256GB, 6,1""",Apple iPhone 16,nabava.net,989.0,2024-12-20 01:40:51.399475
"Apple iPhone 16 Pro, 256GB, 6,3""",Apple iPhone 16 Pro,mobileshop.eu,1293,2024-12-20 01:40:54.158996
"Apple iPhone 16 Pro, 256GB, 6,3""",Apple iPhone 16 Pro,nabava.net,1140.0,2024-12-20 01:40:55.266613
"Apple iPhone 15 Pro, 256GB, 6,1""",Apple iPhone 15 Pro,mobileshop.eu,1293,2024-12-20 01:40:56.428753
"Apple iPhone 15 Pro, 256GB, 6,1""",Apple iPhone 15 Pro,nabava.net,1135.25,2024-12-20 01:43:13.845085
"Samsung Galaxy S24, 256GB, 6.2",Samsung Galaxy S24,links.hr,899.99,2024-12-20 01:43:15.317390
"Samsung Galaxy S24, 256GB, 6.2",Samsung Galaxy S24,nabava.net,655.5,2024-12-20 01:45:35.018254
"Apple iPhone 16, 256GB, 6,1""",Apple iPhone 16,nabava.net,985.0,2024-12-21 01:38:26.697473
"Apple iPhone 16 Pro, 256GB, 6,3""",Apple iPhone 16 Pro,mobileshop.eu,1277,2024-12-21 01:38:29.421397
"Apple iPhone 16 Pro, 256GB, 6,3""",Apple iPhone 16 Pro,nabava.net,1140.0,2024-12-21 01:38:30.265478
"Apple iPhone 15 Pro, 256GB, 6,1""",Apple iPhone 15 Pro,mobileshop.eu,1277,2024-12-21 01:38:31.542672
"Apple iPhone 15 Pro, 256GB, 6,1""",Apple iPhone 15 Pro,nabava.net,1135.25,2024-12-21 01:40:46.746394
"Samsung Galaxy S24, 256GB, 6.2",Samsung Galaxy S24,links.hr,899.99,2024-12-21 01:40:48.135419
"Samsung Galaxy S24, 256GB, 6.2",Samsung Galaxy S24,nabava.net,655.5,2024-12-21 01:43:03.668775
"Apple iPhone 16, 256GB, 6,1""",Apple iPhone 16,nabava.net,985.0,2024-12-22 01:46:38.732851
"Apple iPhone 16 Pro, 256GB, 6,3""",Apple iPhone 16 Pro,mobileshop.eu,1277,2024-12-22 01:46:41.009097
"Apple iPhone 16 Pro, 256GB, 6,3""",Apple iPhone 16 Pro,nabava.net,1140.0,2024-12-22 01:46:41.873743
"Apple iPhone 15 Pro, 256GB, 6,1""",Apple iPhone 15 Pro,mobileshop.eu,1277,2024-12-22 01:46:42.886249
"Apple iPhone 15 Pro, 256GB, 6,1""",Apple iPhone 15 Pro,nabava.net,1135.25,2024-12-22 01:48:56.531237
"Samsung Galaxy S24, 256GB, 6.2",Samsung Galaxy S24,links.hr,899.99,2024-12-22 01:48:58.029802
"Samsung Galaxy S24, 256GB, 6.2",Samsung Galaxy S24,nabava.net,655.5,2024-12-22 01:51:13.325079
"Apple iPhone 16, 256GB, 6,1""",Apple iPhone 16,nabava.net,985.0,2024-12-23 01:41:55.312305
"Apple iPhone 16 Pro, 256GB, 6,3""",Apple iPhone 16 Pro,mobileshop.eu,1277,2024-12-23 01:41:58.109618
"Apple iPhone 16 Pro, 256GB, 6,3""",Apple iPhone 16 Pro,nabava.net,1140.0,2024-12-23 01:41:59.043181
"Apple iPhone 15 Pro, 256GB, 6,1""",Apple iPhone 15 Pro,mobileshop.eu,1277,2024-12-23 01:42:00.240968
"Apple iPhone 15 Pro, 256GB, 6,1""",Apple iPhone 15 Pro,nabava.net,1135.25,2024-12-23 01:44:16.976211
"Samsung Galaxy S24, 256GB, 6.2",Samsung Galaxy S24,links.hr,899.99,2024-12-23 01:44:18.467653
"Samsung Galaxy S24, 256GB, 6.2",Samsung Galaxy S24,nabava.net,655.5,2024-12-23 01:46:37.729685
"Apple iPhone 16, 256GB, 6,1""",Apple iPhone 16,nabava.net,985.0,2024-12-24 01:39:59.897675
"Apple iPhone 16 Pro, 256GB, 6,3""",Apple iPhone 16 Pro,mobileshop.eu,1277,2024-12-24 01:40:02.291351
"Apple iPhone 16 Pro, 256GB, 6,3""",Apple iPhone 16 Pro,nabava.net,1140.0,2024-12-24 01:40:03.316744
"Apple iPhone 15 Pro, 256GB, 6,1""",Apple iPhone 15 Pro,mobileshop.eu,1277,2024-12-24 01:40:04.283112
"Apple iPhone 15 Pro, 256GB, 6,1""",Apple iPhone 15 Pro,nabava.net,1135.25,2024-12-24 01:42:18.952293
"Samsung Galaxy S24, 256GB, 6.2",Samsung Galaxy S24,links.hr,899.99,2024-12-24 01:42:20.282090
"Samsung Galaxy S24, 256GB, 6.2",Samsung Galaxy S24,nabava.net,655.5,2024-12-24 01:44:35.958188
"Apple iPhone 16, 256GB, 6,1""",Apple iPhone 16,nabava.net,985.0,2024-12-25 01:38:53.941496
"Apple iPhone 16 Pro, 256GB, 6,3""",Apple iPhone 16 Pro,mobileshop.eu,1277,2024-12-25 01:38:57.339246
"Apple iPhone 16 Pro, 256GB, 6,3""",Apple iPhone 16 Pro,nabava.net,1140.0,2024-12-25 01:38:58.814536
"Apple iPhone 15 Pro, 256GB, 6,1""",Apple iPhone 15 Pro,mobileshop.eu,1277,2024-12-25 01:39:00.287295
"Apple iPhone 15 Pro, 256GB, 6,1""",Apple iPhone 15 Pro,nabava.net,1135.25,2024-12-25 01:41:15.951317
"Samsung Galaxy S24, 256GB, 6.2",Samsung Galaxy S24,links.hr,899.99,2024-12-25 01:41:17.700937
"Samsung Galaxy S24, 256GB, 6.2",Samsung Galaxy S24,nabava.net,655.5,2024-12-25 01:43:37.459876
"Apple iPhone 16, 256GB, 6,1""",Apple iPhone 16,nabava.net,985.0,2024-12-26 01:39:16.244733
"Apple iPhone 16 Pro, 256GB, 6,3""",Apple iPhone 16 Pro,mobileshop.eu,1277,2024-12-26 01:39:20.513068
"Apple iPhone 16 Pro, 256GB, 6,3""",Apple iPhone 16 Pro,nabava.net,1178.0,2024-12-26 01:39:21.791580
"Apple iPhone 15 Pro, 256GB, 6,1""",Apple iPhone 15 Pro,mobileshop.eu,1277,2024-12-26 01:39:22.956517
"Apple iPhone 15 Pro, 256GB, 6,1""",Apple iPhone 15 Pro,nabava.net,1135.25,2024-12-26 01:41:40.822708
"Samsung Galaxy S24, 256GB, 6.2",Samsung Galaxy S24,links.hr,899.99,2024-12-26 01:41:42.301088
"Samsung Galaxy S24, 256GB, 6.2",Samsung Galaxy S24,nabava.net,655.5,2024-12-26 01:44:02.147184
"Apple iPhone 16, 256GB, 6,1""",Apple iPhone 16,nabava.net,985.0,2024-12-27 01:39:54.657798
"Apple iPhone 16 Pro, 256GB, 6,3""",Apple iPhone 16 Pro,mobileshop.eu,1277,2024-12-27 01:39:57.051128
"Apple iPhone 16 Pro, 256GB, 6,3""",Apple iPhone 16 Pro,nabava.net,1178.0,2024-12-27 01:39:58.122194
"Apple iPhone 15 Pro, 256GB, 6,1""",Apple iPhone 15 Pro,mobileshop.eu,1277,2024-12-27 01:39:58.944982
"Apple iPhone 15 Pro, 256GB, 6,1""",Apple iPhone 15 Pro,nabava.net,1135.25,2024-12-27 01:42:16.063785
"Samsung Galaxy S24, 256GB, 6.2",Samsung Galaxy S24,links.hr,899.99,2024-12-27 01:42:17.426739
"Samsung Galaxy S24, 256GB, 6.2",Samsung Galaxy S24,nabava.net,655.5,2024-12-27 01:44:36.947719
"Apple iPhone 16, 256GB, 6,1""",Apple iPhone 16,nabava.net,985.0,2024-12-28 01:37:43.022598
"Apple iPhone 16 Pro, 256GB, 6,3""",Apple iPhone 16 Pro,mobileshop.eu,1277,2024-12-28 01:37:45.604497
"Apple iPhone 16 Pro, 256GB, 6,3""",Apple iPhone 16 Pro,nabava.net,1178.0,2024-12-28 01:37:46.691952
"Apple iPhone 15 Pro, 256GB, 6,1""",Apple iPhone 15 Pro,mobileshop.eu,1277,2024-12-28 01:37:47.686669
"Apple iPhone 15 Pro, 256GB, 6,1""",Apple iPhone 15 Pro,nabava.net,1135.25,2024-12-28 01:40:02.421341
"Samsung Galaxy S24, 256GB, 6.2",Samsung Galaxy S24,links.hr,899.99,2024-12-28 01:40:04.053429
"Samsung Galaxy S24, 256GB, 6.2",Samsung Galaxy S24,nabava.net,655.5,2024-12-28 01:42:23.451694
"Apple iPhone 16, 256GB, 6,1""",Apple iPhone 16,nabava.net,985.0,2024-12-29 01:47:45.491814
"Apple iPhone 16 Pro, 256GB, 6,3""",Apple iPhone 16 Pro,mobileshop.eu,1277,2024-12-29 01:47:48.138257
"Apple iPhone 16 Pro, 256GB, 6,3""",Apple iPhone 16 Pro,nabava.net,1228.0,2024-12-29 01:47:49.174927
"Apple iPhone 15 Pro, 256GB, 6,1""",Apple iPhone 15 Pro,mobileshop.eu,1277,2024-12-29 01:47:50.165934
"Apple iPhone 15 Pro, 256GB, 6,1""",Apple iPhone 15 Pro,nabava.net,1135.25,2024-12-29 01:50:06.356706
"Samsung Galaxy S24, 256GB, 6.2",Samsung Galaxy S24,links.hr,899.99,2024-12-29 01:50:07.970573
"Samsung Galaxy S24, 256GB, 6.2",Samsung Galaxy S24,nabava.net,655.5,2024-12-29 01:52:27.069231
"Apple iPhone 16, 256GB, 6,1""",Apple iPhone 16,nabava.net,985.0,2024-12-30 01:42:49.267502
"Apple iPhone 16 Pro, 256GB, 6,3""",Apple iPhone 16 Pro,mobileshop.eu,1277,2024-12-30 01:42:53.084367
"Apple iPhone 16 Pro, 256GB, 6,3""",Apple iPhone 16 Pro,nabava.net,1235.0,2024-12-30 01:42:54.311629
"Apple iPhone 15 Pro, 256GB, 6,1""",Apple iPhone 15 Pro,mobileshop.eu,1277,2024-12-30 01:42:55.753117
"Apple iPhone 15 Pro, 256GB, 6,1""",Apple iPhone 15 Pro,nabava.net,1135.25,2024-12-30 01:45:12.588040
"Samsung Galaxy S24, 256GB, 6.2",Samsung Galaxy S24,links.hr,899.99,2024-12-30 01:45:14.651972
"Samsung Galaxy S24, 256GB, 6.2",Samsung Galaxy S24,nabava.net,674.0,2024-12-30 01:47:34.348358
"Apple iPhone 16, 256GB, 6,1""",Apple iPhone 16,nabava.net,985.0,2024-12-31 01:39:29.911543
"Apple iPhone 16 Pro, 256GB, 6,3""",Apple iPhone 16 Pro,mobileshop.eu,1277,2024-12-31 01:39:32.475424
"Apple iPhone 16 Pro, 256GB, 6,3""",Apple iPhone 16 Pro,nabava.net,1235.0,2024-12-31 01:39:33.375711
"Apple iPhone 15 Pro, 256GB, 6,1""",Apple iPhone 15 Pro,mobileshop.eu,1277,2024-12-31 01:39:34.362265
"Apple iPhone 15 Pro, 256GB, 6,1""",Apple iPhone 15 Pro,nabava.net,1135.25,2024-12-31 01:41:51.222146
"Samsung Galaxy S24, 256GB, 6.2",Samsung Galaxy S24,links.hr,899.99,2024-12-31 01:41:52.619633
"Samsung Galaxy S24, 256GB, 6.2",Samsung Galaxy S24,nabava.net,674.0,2024-12-31 01:44:08.148066
"Apple iPhone 16, 256GB, 6,1""",Apple iPhone 16,nabava.net,979.0,2025-01-01 01:47:21.899901
"Apple iPhone 16 Pro, 256GB, 6,3""",Apple iPhone 16 Pro,mobileshop.eu,1277,2025-01-01 01:47:24.678397
"Apple iPhone 16 Pro, 256GB, 6,3""",Apple iPhone 16 Pro,nabava.net,1240.0,2025-01-01 01:47:25.964945
"Apple iPhone 15 Pro, 256GB, 6,1""",Apple iPhone 15 Pro,mobileshop.eu,1277,2025-01-01 01:47:27.122629
"Apple iPhone 15 Pro, 256GB, 6,1""",Apple iPhone 15 Pro,nabava.net,1162.0,2025-01-01 01:49:43.094384
"Samsung Galaxy S24, 256GB, 6.2",Samsung Galaxy S24,links.hr,899.99,2025-01-01 01:49:44.736014
"Samsung Galaxy S24, 256GB, 6.2",Samsung Galaxy S24,nabava.net,674.0,2025-01-01 01:52:04.102852
"Apple iPhone 16, 256GB, 6,1""",Apple iPhone 16,nabava.net,979.0,2025-01-02 01:39:16.637661
"Apple iPhone 16 Pro, 256GB, 6,3""",Apple iPhone 16 Pro,mobileshop.eu,1277,2025-01-02 01:39:19.375364
"Apple iPhone 16 Pro, 256GB, 6,3""",Apple iPhone 16 Pro,nabava.net,1240.0,2025-01-02 01:39:20.730804
"Apple iPhone 15 Pro, 256GB, 6,1""",Apple iPhone 15 Pro,mobileshop.eu,1277,2025-01-02 01:39:21.891453
"Apple iPhone 15 Pro, 256GB, 6,1""",Apple iPhone 15 Pro,nabava.net,1162.0,2025-01-02 01:41:36.667513
"Samsung Galaxy S24, 256GB, 6.2",Samsung Galaxy S24,links.hr,899.99,2025-01-02 01:41:38.161822
"Samsung Galaxy S24, 256GB, 6.2",Samsung Galaxy S24,nabava.net,660.0,2025-01-02 01:43:57.762600
"Apple iPhone 16, 256GB, 6,1""",Apple iPhone 16,nabava.net,979.0,2025-01-03 01:40:14.322956
"Apple iPhone 16 Pro, 256GB, 6,3""",Apple iPhone 16 Pro,mobileshop.eu,1277,2025-01-03 01:40:17.080545
"Apple iPhone 16 Pro, 256GB, 6,3""",Apple iPhone 16 Pro,nabava.net,1230.0,2025-01-03 01:40:17.931703
"Apple iPhone 15 Pro, 256GB, 6,1""",Apple iPhone 15 Pro,mobileshop.eu,1277,2025-01-03 01:40:18.925209
"Apple iPhone 15 Pro, 256GB, 6,1""",Apple iPhone 15 Pro,nabava.net,1164.6,2025-01-03 01:42:34.542792
"Samsung Galaxy S24, 256GB, 6.2",Samsung Galaxy S24,links.hr,899.99,2025-01-03 01:42:35.910225
"Samsung Galaxy S24, 256GB, 6.2",Samsung Galaxy S24,nabava.net,688.0,2025-01-03 01:44:51.610130
"Apple iPhone 16, 256GB, 6,1""",Apple iPhone 16,nabava.net,978.0,2025-01-04 01:38:10.900316
"Apple iPhone 16 Pro, 256GB, 6,3""",Apple iPhone 16 Pro,mobileshop.eu,1277,2025-01-04 01:38:14.433446
"Apple iPhone 16 Pro, 256GB, 6,3""",Apple iPhone 16 Pro,nabava.net,1230.0,2025-01-04 01:38:16.030167
"Apple iPhone 15 Pro, 256GB, 6,1""",Apple iPhone 15 Pro,mobileshop.eu,1277,2025-01-04 01:38:17.450624
"Apple iPhone 15 Pro, 256GB, 6,1""",Apple iPhone 15 Pro,nabava.net,1164.0,2025-01-04 01:40:33.005481
"Samsung Galaxy S24, 256GB, 6.2",Samsung Galaxy S24,links.hr,1019.99,2025-01-04 01:40:35.187222
"Samsung Galaxy S24, 256GB, 6.2",Samsung Galaxy S24,nabava.net,660.0,2025-01-04 01:42:54.733980
"Apple iPhone 16, 256GB, 6,1""",Apple iPhone 16,nabava.net,978.0,2025-01-05 01:46:58.801917
"Apple iPhone 16 Pro, 256GB, 6,3""",Apple iPhone 16 Pro,mobileshop.eu,1277,2025-01-05 01:47:02.528385
"Apple iPhone 16 Pro, 256GB, 6,3""",Apple iPhone 16 Pro,nabava.net,1230.0,2025-01-05 01:47:04.211259
"Apple iPhone 15 Pro, 256GB, 6,1""",Apple iPhone 15 Pro,mobileshop.eu,1277,2025-01-05 01:47:06.098285
"Apple iPhone 15 Pro, 256GB, 6,1""",Apple iPhone 15 Pro,nabava.net,1163.7,2025-01-05 01:49:21.222500
"Samsung Galaxy S24, 256GB, 6.2",Samsung Galaxy S24,links.hr,1019.99,2025-01-05 01:49:23.300423
"Samsung Galaxy S24, 256GB, 6.2",Samsung Galaxy S24,nabava.net,670.0,2025-01-05 01:51:43.190117
"Apple iPhone 16, 256GB, 6,1""",Apple iPhone 16,nabava.net,978.0,2025-01-06 01:44:36.291279
"Apple iPhone 16 Pro, 256GB, 6,3""",Apple iPhone 16 Pro,mobileshop.eu,1277,2025-01-06 01:44:39.355287
"Apple iPhone 16 Pro, 256GB, 6,3""",Apple iPhone 16 Pro,nabava.net,1230.0,2025-01-06 01:44:40.675590
"Apple iPhone 15 Pro, 256GB, 6,1""",Apple iPhone 15 Pro,mobileshop.eu,1277,2025-01-06 01:44:41.846042
"Apple iPhone 15 Pro, 256GB, 6,1""",Apple iPhone 15 Pro,nabava.net,1163.7,2025-01-06 01:46:58.166046
"Samsung Galaxy S24, 256GB, 6.2",Samsung Galaxy S24,links.hr,1019.99,2025-01-06 01:46:59.774584
"Samsung Galaxy S24, 256GB, 6.2",Samsung Galaxy S24,nabava.net,670.0,2025-01-06 01:49:19.320611
"Apple iPhone 16, 256GB, 6,1""",Apple iPhone 16,nabava.net,978.0,2025-01-07 01:41:13.763614
"Apple iPhone 16 Pro, 256GB, 6,3""",Apple iPhone 16 Pro,mobileshop.eu,1277,2025-01-07 01:41:16.317921
"Apple iPhone 16 Pro, 256GB, 6,3""",Apple iPhone 16 Pro,nabava.net,1230.0,2025-01-07 01:41:17.409923
"Apple iPhone 15 Pro, 256GB, 6,1""",Apple iPhone 15 Pro,mobileshop.eu,1277,2025-01-07 01:41:18.396692
"Apple iPhone 15 Pro, 256GB, 6,1""",Apple iPhone 15 Pro,nabava.net,1160.0,2025-01-07 01:43:34.379712
"Samsung Galaxy S24, 256GB, 6.2",Samsung Galaxy S24,links.hr,1019.99,2025-01-07 01:43:35.839564
"Samsung Galaxy S24, 256GB, 6.2",Samsung Galaxy S24,nabava.net,670.0,2025-01-07 01:45:51.180682
"Apple iPhone 16, 256GB, 6,1""",Apple iPhone 16,nabava.net,978.0,2025-01-08 01:40:49.069830
"Apple iPhone 16 Pro, 256GB, 6,3""",Apple iPhone 16 Pro,mobileshop.eu,1277,2025-01-08 01:40:51.831050
"Apple iPhone 16 Pro, 256GB, 6,3""",Apple iPhone 16 Pro,nabava.net,1230.0,2025-01-08 01:40:53.088800
"Apple iPhone 15 Pro, 256GB, 6,1""",Apple iPhone 15 Pro,mobileshop.eu,1277,2025-01-08 01:40:54.262459
"Apple iPhone 15 Pro, 256GB, 6,1""",Apple iPhone 15 Pro,nabava.net,1160.0,2025-01-08 01:43:08.340747
"Samsung Galaxy S24, 256GB, 6.2",Samsung Galaxy S24,links.hr,1019.99,2025-01-08 01:43:09.916042
"Samsung Galaxy S24, 256GB, 6.2",Samsung Galaxy S24,nabava.net,670.0,2025-01-08 01:45:30.035760
"Apple iPhone 16, 256GB, 6,1""",Apple iPhone 16,nabava.net,978.0,2025-01-09 02:07:37.664086
"Apple iPhone 16 Pro, 256GB, 6,3""",Apple iPhone 16 Pro,mobileshop.eu,1277,2025-01-09 02:07:40.153812
"Apple iPhone 16 Pro, 256GB, 6,3""",Apple iPhone 16 Pro,nabava.net,1230.0,2025-01-09 02:07:41.254816
"Apple iPhone 15 Pro, 256GB, 6,1""",Apple iPhone 15 Pro,mobileshop.eu,1277,2025-01-09 02:07:42.236008
"Apple iPhone 15 Pro, 256GB, 6,1""",Apple iPhone 15 Pro,nabava.net,1163.7,2025-01-09 02:09:56.319609
"Samsung Galaxy S24, 256GB, 6.2",Samsung Galaxy S24,links.hr,1019.99,2025-01-09 02:09:57.867473
"Samsung Galaxy S24, 256GB, 6.2",Samsung Galaxy S24,nabava.net,670.0,2025-01-09 02:12:16.690763
"Apple iPhone 16, 256GB, 6,1""",Apple iPhone 16,nabava.net,978.0,2025-01-10 01:42:38.985367
"Apple iPhone 16 Pro, 256GB, 6,3""",Apple iPhone 16 Pro,mobileshop.eu,1258,2025-01-10 01:42:42.374133
"Apple iPhone 16 Pro, 256GB, 6,3""",Apple iPhone 16 Pro,nabava.net,1230.0,2025-01-10 01:42:43.998912
"Apple iPhone 15 Pro, 256GB, 6,1""",Apple iPhone 15 Pro,mobileshop.eu,1258,2025-01-10 01:42:45.456181
"Apple iPhone 15 Pro, 256GB, 6,1""",Apple iPhone 15 Pro,nabava.net,1163.7,2025-01-10 01:45:01.491937
"Samsung Galaxy S24, 256GB, 6.2",Samsung Galaxy S24,links.hr,1019.99,2025-01-10 01:45:03.362794
"Samsung Galaxy S24, 256GB, 6.2",Samsung Galaxy S24,nabava.net,670.0,2025-01-10 01:47:22.997975
"Apple iPhone 16, 256GB, 6,1""",Apple iPhone 16,nabava.net,978.0,2025-01-11 01:40:24.505161
"Apple iPhone 16 Pro, 256GB, 6,3""",Apple iPhone 16 Pro,mobileshop.eu,1283,2025-01-11 01:40:28.368792
"Apple iPhone 16 Pro, 256GB, 6,3""",Apple iPhone 16 Pro,nabava.net,1230.0,2025-01-11 01:40:29.971173
"Apple iPhone 15 Pro, 256GB, 6,1""",Apple iPhone 15 Pro,mobileshop.eu,1283,2025-01-11 01:40:31.312551
"Apple iPhone 15 Pro, 256GB, 6,1""",Apple iPhone 15 Pro,nabava.net,1163.7,2025-01-11 01:42:46.342266
"Samsung Galaxy S24, 256GB, 6.2",Samsung Galaxy S24,links.hr,1019.99,2025-01-11 01:42:48.511677
"Samsung Galaxy S24, 256GB, 6.2",Samsung Galaxy S24,nabava.net,670.0,2025-01-11 01:45:08.868655
"Apple iPhone 16, 256GB, 6,1""",Apple iPhone 16,nabava.net,975.0,2025-01-12 01:48:30.348132
"Apple iPhone 16 Pro, 256GB, 6,3""",Apple iPhone 16 Pro,mobileshop.eu,1283,2025-01-12 01:48:32.799838
"Apple iPhone 16 Pro, 256GB, 6,3""",Apple iPhone 16 Pro,nabava.net,1227.0,2025-01-12 01:48:33.837861
"Apple iPhone 15 Pro, 256GB, 6,1""",Apple iPhone 15 Pro,mobileshop.eu,1283,2025-01-12 01:48:34.847621
"Apple iPhone 15 Pro, 256GB, 6,1""",Apple iPhone 15 Pro,nabava.net,1163.0,2025-01-12 01:50:52.448958
"Samsung Galaxy S24, 256GB, 6.2",Samsung Galaxy S24,links.hr,1019.99,2025-01-12 01:50:54.187733
"Samsung Galaxy S24, 256GB, 6.2",Samsung Galaxy S24,nabava.net,640.0,2025-01-12 01:53:13.419530
"Apple iPhone 16, 256GB, 6,1""",Apple iPhone 16,nabava.net,975.0,2025-01-13 01:45:10.043690
"Apple iPhone 16 Pro, 256GB, 6,3""",Apple iPhone 16 Pro,mobileshop.eu,1283,2025-01-13 01:45:13.044464
"Apple iPhone 16 Pro, 256GB, 6,3""",Apple iPhone 16 Pro,nabava.net,1228.0,2025-01-13 01:45:14.351490
"Apple iPhone 15 Pro, 256GB, 6,1""",Apple iPhone 15 Pro,mobileshop.eu,1283,2025-01-13 01:45:15.274072
"Apple iPhone 15 Pro, 256GB, 6,1""",Apple iPhone 15 Pro,nabava.net,1166.0,2025-01-13 01:47:33.573521
"Samsung Galaxy S24, 256GB, 6.2",Samsung Galaxy S24,links.hr,1019.99,2025-01-13 01:47:35.231884
"Samsung Galaxy S24, 256GB, 6.2",Samsung Galaxy S24,nabava.net,668.0,2025-01-13 01:49:54.448160
"Apple iPhone 16, 256GB, 6,1""",Apple iPhone 16,nabava.net,975.0,2025-01-14 01:36:01.159989
"Apple iPhone 16 Pro, 256GB, 6,3""",Apple iPhone 16 Pro,mobileshop.eu,1277,2025-01-14 01:36:03.498399
"Apple iPhone 16 Pro, 256GB, 6,3""",Apple iPhone 16 Pro,nabava.net,1175.0,2025-01-14 01:36:04.613893
"Apple iPhone 15 Pro, 256GB, 6,1""",Apple iPhone 15 Pro,mobileshop.eu,1277,2025-01-14 01:36:05.582738
"Apple iPhone 15 Pro, 256GB, 6,1""",Apple iPhone 15 Pro,nabava.net,1166.0,2025-01-14 01:38:21.120415
"Samsung Galaxy S24, 256GB, 6.2",Samsung Galaxy S24,links.hr,1019.99,2025-01-14 01:38:22.546809
"Samsung Galaxy S24, 256GB, 6.2",Samsung Galaxy S24,nabava.net,668.0,2025-01-14 01:40:42.077857
"Apple iPhone 16, 256GB, 6,1""",Apple iPhone 16,nabava.net,975.0,2025-01-15 01:37:59.720094
"Apple iPhone 16 Pro, 256GB, 6,3""",Apple iPhone 16 Pro,mobileshop.eu,1277,2025-01-15 01:38:02.264982
"Apple iPhone 16 Pro, 256GB, 6,3""",Apple iPhone 16 Pro,nabava.net,1175.0,2025-01-15 01:38:03.323405
"Apple iPhone 15 Pro, 256GB, 6,1""",Apple iPhone 15 Pro,mobileshop.eu,1277,2025-01-15 01:38:04.351687
"Apple iPhone 15 Pro, 256GB, 6,1""",Apple iPhone 15 Pro,nabava.net,1166.0,2025-01-15 01:40:20.287611
"Samsung Galaxy S24, 256GB, 6.2",Samsung Galaxy S24,links.hr,899.99,2025-01-15 01:40:21.697809
"Samsung Galaxy S24, 256GB, 6.2",Samsung Galaxy S24,nabava.net,630.0,2025-01-15 01:42:41.013208
"Apple iPhone 16, 256GB, 6,1""",Apple iPhone 16,nabava.net,975.0,2025-01-16 01:37:17.867492
"Apple iPhone 16 Pro, 256GB, 6,3""",Apple iPhone 16 Pro,mobileshop.eu,1270,2025-01-16 01:37:20.622201
"Apple iPhone 16 Pro, 256GB, 6,3""",Apple iPhone 16 Pro,nabava.net,1227.0,2025-01-16 01:37:21.952741
"Apple iPhone 15 Pro, 256GB, 6,1""",Apple iPhone 15 Pro,mobileshop.eu,1270,2025-01-16 01:37:23.114737
"Apple iPhone 15 Pro, 256GB, 6,1""",Apple iPhone 15 Pro,nabava.net,1166.0,2025-01-16 01:39:40.270371
"Samsung Galaxy S24, 256GB, 6.2",Samsung Galaxy S24,links.hr,899.99,2025-01-16 01:39:41.902663
"Samsung Galaxy S24, 256GB, 6.2",Samsung Galaxy S24,nabava.net,630.0,2025-01-16 01:42:01.331166
"Apple iPhone 16, 256GB, 6,1""",Apple iPhone 16,nabava.net,975.0,2025-01-17 01:36:50.364175
"Apple iPhone 16 Pro, 256GB, 6,3""",Apple iPhone 16 Pro,mobileshop.eu,1265,2025-01-17 01:36:53.757218
"Apple iPhone 16 Pro, 256GB, 6,3""",Apple iPhone 16 Pro,nabava.net,1224.0,2025-01-17 01:36:55.467173
"Apple iPhone 15 Pro, 256GB, 6,1""",Apple iPhone 15 Pro,mobileshop.eu,1265,2025-01-17 01:36:56.904969
"Apple iPhone 15 Pro, 256GB, 6,1""",Apple iPhone 15 Pro,nabava.net,1166.0,2025-01-17 01:39:12.618705
"Samsung Galaxy S24, 256GB, 6.2",Samsung Galaxy S24,links.hr,899.99,2025-01-17 01:39:14.832866
"Samsung Galaxy S24, 256GB, 6.2",Samsung Galaxy S24,nabava.net,630.0,2025-01-17 01:41:34.139264
"Apple iPhone 16, 256GB, 6,1""",Apple iPhone 16,nabava.net,969.0,2025-01-18 01:34:30.230589
"Apple iPhone 16 Pro, 256GB, 6,3""",Apple iPhone 16 Pro,mobileshop.eu,1265,2025-01-18 01:34:33.506846
"Apple iPhone 16 Pro, 256GB, 6,3""",Apple iPhone 16 Pro,nabava.net,1224.0,2025-01-18 01:34:34.867048
"Apple iPhone 15 Pro, 256GB, 6,1""",Apple iPhone 15 Pro,mobileshop.eu,1265,2025-01-18 01:34:36.031691
"Apple iPhone 15 Pro, 256GB, 6,1""",Apple iPhone 15 Pro,nabava.net,1166.0,2025-01-18 01:36:53.944584
"Samsung Galaxy S24, 256GB, 6.2",Samsung Galaxy S24,links.hr,899.99,2025-01-18 01:36:56.219416
"Samsung Galaxy S24, 256GB, 6.2",Samsung Galaxy S24,nabava.net,630.0,2025-01-18 01:39:15.114788
"Apple iPhone 16, 256GB, 6,1""",Apple iPhone 16,nabava.net,968.0,2025-01-19 01:43:29.908331
"Apple iPhone 16 Pro, 256GB, 6,3""",Apple iPhone 16 Pro,mobileshop.eu,1265,2025-01-19 01:43:32.559932
"Apple iPhone 16 Pro, 256GB, 6,3""",Apple iPhone 16 Pro,nabava.net,1222.0,2025-01-19 01:43:33.850871
"Apple iPhone 15 Pro, 256GB, 6,1""",Apple iPhone 15 Pro,mobileshop.eu,1265,2025-01-19 01:43:35.006893
"Apple iPhone 15 Pro, 256GB, 6,1""",Apple iPhone 15 Pro,nabava.net,1166.0,2025-01-19 01:45:51.248909
"Samsung Galaxy S24, 256GB, 6.2",Samsung Galaxy S24,links.hr,899.99,2025-01-19 01:45:52.892671
"Samsung Galaxy S24, 256GB, 6.2",Samsung Galaxy S24,nabava.net,630.0,2025-01-19 01:48:12.360162
"Apple iPhone 16, 256GB, 6,1""",Apple iPhone 16,nabava.net,968.0,2025-01-20 01:39:14.142276
"Apple iPhone 16 Pro, 256GB, 6,3""",Apple iPhone 16 Pro,mobileshop.eu,1265,2025-01-20 01:39:16.467542
"Apple iPhone 16 Pro, 256GB, 6,3""",Apple iPhone 16 Pro,nabava.net,1222.0,2025-01-20 01:39:17.624713
"Apple iPhone 15 Pro, 256GB, 6,1""",Apple iPhone 15 Pro,mobileshop.eu,1265,2025-01-20 01:39:18.593108
"Apple iPhone 15 Pro, 256GB, 6,1""",Apple iPhone 15 Pro,nabava.net,1166.0,2025-01-20 01:41:34.096332
"Samsung Galaxy S24, 256GB, 6.2",Samsung Galaxy S24,links.hr,899.99,2025-01-20 01:41:35.691958
"Samsung Galaxy S24, 256GB, 6.2",Samsung Galaxy S24,nabava.net,648.0,2025-01-20 01:43:50.866003
"Apple iPhone 16, 256GB, 6,1""",Apple iPhone 16,nabava.net,968.0,2025-01-21 01:37:23.365129
"Apple iPhone 16 Pro, 256GB, 6,3""",Apple iPhone 16 Pro,mobileshop.eu,1258,2025-01-21 01:37:25.683884
"Apple iPhone 16 Pro, 256GB, 6,3""",Apple iPhone 16 Pro,nabava.net,1222.0,2025-01-21 01:37:26.870783
"Apple iPhone 15 Pro, 256GB, 6,1""",Apple iPhone 15 Pro,mobileshop.eu,1258,2025-01-21 01:37:27.841647
"Apple iPhone 15 Pro, 256GB, 6,1""",Apple iPhone 15 Pro,nabava.net,1166.0,2025-01-21 01:39:42.916750
"Samsung Galaxy S24, 256GB, 6.2",Samsung Galaxy S24,links.hr,899.99,2025-01-21 01:39:44.376475
"Samsung Galaxy S24, 256GB, 6.2",Samsung Galaxy S24,nabava.net,647.0,2025-01-21 01:42:03.589936
"Apple iPhone 16, 256GB, 6,1""",Apple iPhone 16,nabava.net,968.0,2025-01-22 01:39:31.660842
"Apple iPhone 16 Pro, 256GB, 6,3""",Apple iPhone 16 Pro,mobileshop.eu,1258,2025-01-22 01:39:34.186144
"Apple iPhone 16 Pro, 256GB, 6,3""",Apple iPhone 16 Pro,nabava.net,1222.0,2025-01-22 01:39:35.136781
"Apple iPhone 15 Pro, 256GB, 6,1""",Apple iPhone 15 Pro,mobileshop.eu,1258,2025-01-22 01:39:36.105475
"Apple iPhone 15 Pro, 256GB, 6,1""",Apple iPhone 15 Pro,nabava.net,1166.0,2025-01-22 01:41:53.268372
"Samsung Galaxy S24, 256GB, 6.2",Samsung Galaxy S24,links.hr,899.99,2025-01-22 01:41:54.839064
"Samsung Galaxy S24, 256GB, 6.2",Samsung Galaxy S24,nabava.net,647.0,2025-01-22 01:44:14.463629
"Apple iPhone 16, 256GB, 6,1""",Apple iPhone 16,nabava.net,968.0,2025-01-23 01:38:04.570293
"Apple iPhone 16 Pro, 256GB, 6,3""",Apple iPhone 16 Pro,mobileshop.eu,1258,2025-01-23 01:38:07.229907
"Apple iPhone 16 Pro, 256GB, 6,3""",Apple iPhone 16 Pro,nabava.net,1222.0,2025-01-23 01:38:08.586965
"Apple iPhone 15 Pro, 256GB, 6,1""",Apple iPhone 15 Pro,mobileshop.eu,1258,2025-01-23 01:38:09.666827
"Apple iPhone 15 Pro, 256GB, 6,1""",Apple iPhone 15 Pro,nabava.net,1166.0,2025-01-23 01:40:24.444194
"Samsung Galaxy S24, 256GB, 6.2",Samsung Galaxy S24,links.hr,899.99,2025-01-23 01:40:26.045682
"Samsung Galaxy S24, 256GB, 6.2",Samsung Galaxy S24,nabava.net,650.0,2025-01-23 01:42:45.532259
